Link,Create_Time,Caption,Views,Likes,Comments,Shares,Saves,Top1_Cmt,Top1_Likes,Top2_Cmt,Top2_Likes,Top3_Cmt,Top3_Likes,Top4_Cmt,Top4_Likes,Top5_Cmt,Top5_Likes
https://www.tiktok.com/@maunailboxxuhuong/video/7617740708560047378,1773643485,Quá đủ r #maunailxuhuong #nailbox #nails #lamdep ,7300000,123500,2365,85000,5291,"T làm nall dài chưa bh bị lật như v , mặc dù tao nấu cơm giặt quần áo bằng tay làm đủ mọi thứ ko lật",12200,"Vua lì đòn, có móng up tiếp😂",7399,bả làm sau mà nó lật mấy ngón 1 lượt luôn vậy trèn 🥺,2017,Cái kết của ngựa ngựa😌,1072,Nó từng rất dài 🙂‍↔️🙂‍↔️🙂‍↔️,540
https://www.tiktok.com/@huongthuf/video/7619555261593718024,1774067749,vibe vẫn là uýnh nhau ,6300000,653400,1308,85300,15333,bản tình ca gặp bản đôn :)),90200,giống đi hẹn hò mẹ bắt mang hai đứa em đi theo 😭,54800,Tranh center còn hơn jang won young nữa 😔,27500,cặp Hương Thù phải double date với cặp nấm hương thì hợp =))),21600,Inffo Đồ c Trang và c Dương đâyyy ạaa🦋🌼🐥💋👍,6451
https://www.tiktok.com/@cuteandchubbycat/video/7600087972297395487,1769533392,#funnyvideos #animation #aicat #orangecat #cartoon ,510800000,13300000,131500,1300000,853897,[Sticker] 3M like,273000,[Sticker] 8M likes,188400,"""сгенерировано ии""",61600,[Sticker] lo ví completo y me gustó es normal,56700,gini doang 3jt anj😭,49300
https://www.tiktok.com/@nataliireynoldss/video/7615426833458236685,1773104762,they are so obsessed with me…  #fyp #nataliereynolds ,370300000,39800000,270400,5500000,2039223,say what you want but she is funny as hell lmao,593300,[Sticker] ЭТО ГЕНИАЛЬНО,308100,I had to stop mid laugh once I realized who posted,305800,HSJAHSJAJSJ,269100,"This video made her about $75,000 btw",255100
https://www.tiktok.com/@10001223gfa/video/7610736223761599774,1772012752,,312000000,9500000,99400,1600000,513890,like father like son 😂,66500,"tu souris, c'est ton enfant ?",23700,Qui a remarqué que à cause de TikTok la télévision n’a plus d’importance 😂,15600,"Who noticed that because of TikTok, the television is no longer important in the house anymore 🤣🤣🤣",11800,I miss the world before AI😭,10400
https://www.tiktok.com/@boogiebug0/video/7596114833477537054,1768608326,#foryou #funnyai #tiktokfunny #viral #trending ,297500000,5300000,90800,6700000,665587,[Sticker],22700,[Sticker] estaba cagando y me levanté para bailar,16600,meu ex😂😂😂😂,4910,"Don't go down , there's no English .",3879,Kurdi leya?😂,2447
https://www.tiktok.com/@rumishasimab295/video/7605936714254667039,1770895156,Jake paul show his new Jaw new teeth #jakepaul #jakeanthony #anthonyjoshua #viral_video #boxin ,309700000,5800000,43900,839700,331696,hm,239200,Me siento como una anciana que no reconoce la IA.,211800,Последняя стадия брекетов?,165900,it is real?,154200,imagine chewing and it starts saying battery is low ✌️😭,121400
https://www.tiktok.com/@brookemonk_/video/7603118297403378975,1770238937,,247300000,7900000,51900,125700,407532,SAMS PREGNANT,429500,Noooooooo / yesssssss,421000,why was sam so happy about the pregnancy 😭,325300,He wants a baby but doesn't want to get married.,271100,Он не хотел женится но хочет ребёнка?!!!,176900
https://www.tiktok.com/@tisipbign1/video/7596058593103744263,1768595217,"This is the most beautiful wallpaper I have ever seen, The most beautiful 3D wallpaper. Ultra clear 8k wallpaper. 3D naked eye wallpaper. los26 wallpaper. iPhone wallpaper.HD wallpaper.lOS26 how to get 3D spatial wallpaper background for your iPhone How to set up iPhone wallpaper tutorial How to apply iPhone live wallpaper 8K wallpaper.Click the link in the lower left corner to download capcut to get the wallpaper #capcut #capcutforus #capcutpioneer #ios26wallpaper#iPhonewallpaper ",183600000,1800000,12000,2300000,204569,People who beleive this,4330,Whats??,1697,wallpaper overlaps the cellphone 😏,454,bruhh🤣🤣🤣🤣,266,comment sa se fait son portable et en mode d avion est se qu il peut connecté regarder bien le portable,115
https://www.tiktok.com/@movies00comedy/video/7595083496788462878,1768368194,##BalliBotMogis #TrendingReels #TrendingReels #Foryoupage ##FYP #FYP #ViralTikTok #MillionViews #TechMagic #SmartBot #AITrend #RobotVibes #Innovation ,229100000,3400000,59300,868800,158441,yo en todo el video,235900,por mi salud mental voy a decir que es IA,156000,Even in my dreams I will not do this😭😂,97900,Cómo soy de salada caigo afuera 😭,95700,This is absolutely AI,92900
https://www.tiktok.com/@mother.world.baby/video/7595619591385074974,1768493013,from 7 days not cry 😭#newborn #unfreezmyaccount ,231600000,7000000,166500,1700000,424183,[Sticker] Los q saben porque no llora:,435200,[Sticker] The doctor:,337400,"Cuando nací el oxígeno no llegaba a mi cerebro,no lloraba,no respiraba,los médicos dijeron que viviría solo 4 semanas,pero aquí sigo,13 años despues",298400,Bro is 1 hp 😭,278500,They got baggy diapers for baby fits now😭✌,253600
https://www.tiktok.com/@dailychallenge0/video/7607528582654463246,1771265801,funny challenge game #funny #challenge #game #usa🇺🇸 ,214600000,10300000,124600,4000000,803195,cool messi,624200,[Sticker] Tri Said,238400,anj hadiah nya ga ngotakkk orang sampe geger otak😭,235200,[Sticker],212700,edit nih😹,206900
https://www.tiktok.com/@duydung980/video/7613324864073649439,1772615343,Sleeping Prank #funny #funnyvideo #tiktok #foryou #fyp ,197100000,15700000,53300,3300000,1279904,[Sticker] who will dry the first guy's bed,794100,the first one,681000,THE WOMAN WHO JUMPED OUT HE WINDOW HELP,359800,[Sticker] yo siento que el primero se sintió comk en el titanic,197800,"that first one is not a prank, they hate that man",184100
https://www.tiktok.com/@realjayllnn/video/7598039617497074957,1769056488,#challenge ,198400000,6400000,37000,1200000,306392,Rolex Ha💵Ha💵Ha💵Ha💵Ha💵Ha,858500,"""rolex rolex rolex rolex""",180300,rolex hahaha,174400,"safe, hum 💵 hum 💵 hum",115400,[Sticker] Rolex He💸He💸,95100
https://www.tiktok.com/@moreliketoritilla/video/7596155608630299934,1768617814,New fear ✨ unlocked ✨ ,182800000,11800000,85700,2000000,684511,WHY IS IT GRABBING ONTO THINGS!?,1400000,My next move 😂,1100000,[Sticker] Now imagine if that happened while u we’re on the toilet..,1000000,this would literally sent me into psychosis i'm not even kidding,943000,first I thought it was a cats tail then a snake now idk what the hell that is,851300
https://www.tiktok.com/@shopwithkkate/video/7587942790298979614,1766705627,Still fighting for my LIFE ☠️☠️ .. yes I know instructions say give it 48 hours but we thought it was going to spring open 🤣 #bonelesscouch #tiktokcouch #smallcouch  ,215500000,6200000,61500,333900,247119,the pillows:,1200000,results after 48h,291200,the couch 😭,267900,I know the feeling,241800,[Sticker] Boneless couch after a year,190600
https://www.tiktok.com/@graciebon.xl/video/7592693195302030605,1767811676,"así me revisan en el aeropuerto, TSA que está buscando?",184800000,6100000,33500,550000,245178,Se parece a mi avatar,220100,Lit es ella,195500,Roblox in real life:,193900,"no es envidia, pero eso ya se ve mal 😬",167400,Pequeñas diferencias,120900
https://www.tiktok.com/@reuters/video/7589372207017626894,1767038447,"British former world heavyweight boxing champion Anthony Joshua sustained minor injuries in a car accident in Nigeria's Ogun State that killed two people, local police said. Nigeria's Federal Road Safety Corps said preliminary findings suggest the vehicle carrying Joshua was likely speeding when it lost control during an overtaking maneuver and crashed into a stationary truck parked by the road. Officials did not say who was driving the car carrying Joshua, and investigations are ongoing. #anthonyjoshua #boxer #nigeria #crash #carcrash",180500000,4200000,28900,93500,226506,"Nigeria is behind, like 50 years",57400,"No emergency rescue team, no ambulance, just people shouting, mishandling him and taking pictures 😥😥 Africa we need to do better 💔😢",55600,so Nigeria no get ambulance to carry an accident victim? He might have some spine injury. What a shame.,53200,I have learned that in Nigeria we don't have a well organized emergency team,34100,Oh God he's in shock,32600
https://www.tiktok.com/@jokoool0/video/7605286505828945182,1770743794,Back Therapy #fyp #therapy #relax ,181500000,2900000,65600,1100000,184020,back therapy ❌ last therapy✅,324100,живучая попалось однако,278500,добивает что ли,208400,you post only who survives,166900,y al final soltó la información o no?,164100
https://www.tiktok.com/@viltis_nobrakes/video/7596726487751871762,1768750720,#CapCut @виджиэм ,174800000,13100000,43300,1100000,733250,ROLEX ah ah ah💸💸💸💸,1100000,tus personajes som estos???,646900,HA💸 HA💸 HA💸 HA💸 HA,624200,ROLEX ah ah ah💸😂,504400,Is she ok ?,476300
https://www.tiktok.com/@ms.queen9180/video/7589699433500134687,1767114632,#,177400000,5600000,21600,211600,259420,Brooo the way the pink just stuck on the way down stawpppp,75400,💇‍♀️,33600,I realized I've never seen brown glitter fr,30400,The ending was perfection!,28900,Whyyy do I want this so bad !,15600
https://www.tiktok.com/@mipatron01152/video/7611769988260597023,1772253324,#aviones ,144500000,2700000,27800,135500,183994,Now the action movies we use to watch has come into reality,10700,"kok bisa tepat sasaran ya,di indo bansos aja bisa meleset",6685,"semoga saudra2 kt d d iran d lindungi allah swt,",5409,"Cette fois ci aucun prof d’histoire geo va nous mentir , on sera tous témoin 😂",4292,but are they driven by people or they are controlled by a remote,3254
https://www.tiktok.com/@floridafoxanthillart/video/7587832123466206478,1766679866,Liquid Nitrogen 🌧️ vs 🧅  🥦 🍐 #Satisfying #Experiment #ASMR #LiquidNitrogen #NitrogenVs ,177000000,5700000,43600,413500,346305,It looks so crunchy..,255300,the onion was like glass,240000,Liquid nitrogen vs lava,208100,parece que la cebolla estuviera congelada,190100,"A ver, mete la mano",172200
https://www.tiktok.com/@nataliireynoldss/video/7602433470136077623,1770079488,did we win this trend? #nataliereynolds #silenthill #cosplay #pyramidhead #silenthillcosplay,157000000,11400000,30900,408700,482728,but why?¿,604900,"yall can't disagree, they did good with the silent hill cosplay",308400,YOU BOTH WON!,144200,"почему у него половина бороды есть ,а половины нету 😅😅😅",130800,[Sticker] no te avergüenzes sin dejar tú amén,96200
https://www.tiktok.com/@justinflom/video/7587665530102746399,1766641072,The wall looks like it’s melting!,173100000,11900000,62000,1500000,840922,See my brain didn’t like that,722600,That was trippy even before they were placed together,353000,В этой комнате не пьем..,282700,"Thanks, that was very uncomfortable",252600,Me trying to break the illusion,248500
https://www.tiktok.com/@racconn.asmr/video/7606293398017936670,1770978206,ASMR Healing Massage: The Path to Back Pain Relief✨ #asmrback #asmrmassage #chiropractor #egyptianmassage #asmrsleep ,166400000,2100000,31000,403900,262506,"sumpah gk cocok di aku, aku gmpng mrngsang",4598,самая лучшая работа в мире,3897,Massage plus happy ending two in one,3166,Vi todo el vídeo haber si la destapaba y nada,3022,وين الأقي محترم يعمل مساج مثل كذا 🥺🥺,2604
https://www.tiktok.com/@ai.movie66/video/7611968349483896078,1772299574,tung tung helps brr brr patapim #italianbrainrot #tungtungtungsahur #tralalerotralala,154900000,5700000,18600,1500000,311639,[Sticker] Ai reading the script,304400,Us watching ts,120600,[Sticker] the fact i actually watched the whole thing..,108800,Us watching this,97500,me preocupa la seriedad con la que veo esto,92600
https://www.tiktok.com/@moviesfliker2/video/7619126304339725599,1773966096,##bad_bunny #halftime #tiktoktrendig #bestclips#follow#followme #foryoupage ##bad_bunny #halftime #tiktoktrendig #bestclips#follow#followme #foryoupage #bad_bunny #halftime #tiktoktrendig #bestclips#follow#followme #foryoupage #tiktoktrendingsclip ###bad_bunny #halftime #tiktoktrendig #bestclips#follow#followme #foryoupage #Mrbean #supercool #amazing #fypシ゚viral ,171700000,8100000,65700,3300000,414040,[Sticker] Would’ve just,497900,"la mamá: no mami, eso no se hace",339000,[Sticker] хорошая реклама для Durex,288600,NAKAL BANGET GASUKA😭,286600,Lack of discipline.,283500
https://www.tiktok.com/@madhavburrows/video/7614071827379260703,1772789256,Funniest water slides#amzing#funnyvideos#foryou#fyp#usa,158300000,7600000,16000,957400,465510,First guy,521600,[Sticker] The one before the last one,207400,[Sticker] porque al primero le salio algo blanco?,137100,☠️☠️☠️☠️,89400,а что у первого выпало белое,70900
https://www.tiktok.com/@khaby.lame/video/7615318641042623775,1773079553,"Today is my birthday, but I can’t get inside. Thank you for all the messages ❤️🫶🏾#comedy #learnfromkhaby ",152500000,5600000,42900,400600,218761,[Sticker] Haven’t seen bro in years,233800,Happy birthday Khaby Lame button🔥🎂,114800,а зимой как?,74300,Alguien lo está viendo un lunes por la tarde😂,31700,[Sticker] How did he turn on the lights?,15900
https://www.tiktok.com/@funnypaparazzi/video/7616294023040470303,1773306744,Interesting design. #design #viral #satisfying #funny #tiktok ,141700000,9800000,30900,2400000,482459,[Sticker] el 2,700000,yang keduaa itu sakit bgtt😭,327400,tecnologia,109900,This one is so fake😭,71800,La llave 😭,51200
https://www.tiktok.com/@aifunstory66/video/7601698333496823070,1769908295,patapim gets nose lift #italianbrainrot #tungtungtungsahur #tralalerotralala,149000000,3400000,9950,576500,155714,[Sticker] Héroe o villano?,93300,Why ?,90100,[Sticker] el solo intentaba ayudar,85500,посоветуйте телефон чтоб тт не тянул,49800,Tadinho ele só queria ajudar,44100
https://www.tiktok.com/@xingxing.themonkey/video/7590781997258116374,1767366665,xingxing #monkey #animal #cute #funny #fyp,147500000,10600000,48700,1800000,503497,My shaylaaa🥺❤️,186600,the monkey:i dont take leftovers,109800,[Sticker] y su otra manito,109600,Me realizing it doesn't have other hands 😭,87600,coba monyet di indo gragas banget😭,85300
https://www.tiktok.com/@rodrigonavarromagic/video/7591371694716030222,1767503992,bro just had déjà vu 💀 #fail #crazy #magic #airplane #reel ,146600000,5300000,13600,272200,200595,Did she just copy paste those chocolates?,245300,"She knows, she knows",221800,She knows she know🎶,161200,Nah she knows,157500,"а говорят плохо про русских туристов, лол",119100
https://www.tiktok.com/@bbranson8/video/7605949028395781389,1770898028,decorating my boyfriends back with sparkles @Henry Metzger ,142700000,9700000,17300,1500000,455831,он типо,467200,cómo se sintió el,225300,“I’d rather be shiny”,157800,“what are your intentions with my son” bedazzling him idk,87900,у него скитлстрянка?,83300
https://www.tiktok.com/@flashblip7/video/7603337395857149198,1770289961,Gender reveal gone wrong #genderreveal #babylove #fail #fyp #tiktok ,153200000,4000000,5299,211200,147552,first clip almost became last gender reveal,194600,🤣,113600,La de Lele Ponds casi fue revelación y despedida,70900,У первого мог быть первый и последний гендр пати,47400,😲,24300
https://www.tiktok.com/@jul.spamz.fr/video/7608248907960814879,1771433523,i’m scared,141300000,22800000,249900,3100000,1808790,he's a history teacher isn't he,1300000,bro was like “ARE YOU RECORDING ME?”,578900,“IS THAT A CELLULAR DEVICE?”,461700,What could POSSIBLY be the context for this?? 💔,440900,WHAT could of possibly possessed him to do this💔,185500
https://www.tiktok.com/@romeosshow/video/7586923248651095310,1766468251,@Dr Pepper please get back to me with a proposition we can make thousands together. #drpepper #soda #beverage ,145000000,13100000,123600,1100000,1103756,FINALLY!! THEY USED IT,788700,Do me! Do me!,754500,GET HER ON THE PHONE NOW!!,742300,I JUST saw your Dr. Pepper commercial!! 🥲🩷,501000,You’re hired,498600
https://www.tiktok.com/@fakeltfunny0021/video/7603344058680888607,1770291504,"Being a girl dad is an \""unprecedented \"" experience🤣💕🫣#usa#love #foryou #fyp #baby",136600000,11900000,15000,1500000,553286,😂😂😂He takes plays time seriously,455000,don't touch it papa's phone🤣,128000,“Could you bite my apple” has to be the cutest,75600,"The biting of an apple, I just realised that I used to also do it to my dad",63200,Bro😂,56500
https://www.tiktok.com/@gnsoppw/video/7613390803729190175,1772630699,Bad Bunny will be a performer at the2026 Super Bowl LX Halftime Show on Apple Music#badbunnu #superbowl #noticiastiktok #mlb,145400000,2500000,42700,1500000,455124,[Sticker] tiktok,159400,как заинтересовать человека с 1 секунды,53000,kenceng bgt anj🗿,48500,Now that i got your attention ahh😭🥀✌️,35700,[Sticker] ahh intro🥀,20000
https://www.tiktok.com/@ellon.keli/video/7601218938181143839,1769796712,#Balinotmogis #TreandingReels #Foryoupage ##Fyp #Fyp #ViralTitok #MillionViews #Techmagic #Smartbot #Altrend #Robotvibes #Innovation ,111600000,3000000,27300,900300,238684,[Sticker],4274,he looks like LIL WAYNE,1170,who watch many times like me,704,[Sticker] kabax ani lii somali ka joogo,634,50 cent versions Éric Zemmour,555
https://www.tiktok.com/@daalainn/video/7603993374785309966,1770442704,What’s yall highscore on Blockblast? #blockblast #fyp #foryoupage #daalain #meme ,174600000,2700000,6938,111200,100786,[Sticker] Son i think that trend is over,82200,that trend and block blast its over🥀,16900,[Sticker] sponsor video btw,14000,like my city pls😭 ☁️ ☁ ☁ 🪂 ✈ ☁ ☁ 🏢__🏨_🏢🏬_🌴_🏠🏡🏠__🏥🏫__  🌲  /🚖🚔 \🌲🌴🌳🌲 🌴  / 🚘  🚖 \🌳🌲🌲🌳 🚦 / 🚔🚘 🚔\ ︎🚏,3874,[Sticker] Like to stop,3686
https://www.tiktok.com/@collinskey/video/7616849748359728415,1773436054,#boneka #brainrot ,134100000,18900000,77900,9000000,1549956,that must've been tiring,381700,I expected 1 but an en-tire crew??,347900,[Sticker] quisiera ser uno de ellos,282200,[Sticker] security :,261300,why is there so many 😭,232600
https://www.tiktok.com/@theodoretroyce3/video/7596990959116766494,1768812361,Kondisi terkini musholas PONPES Al Khoziny Sidoarjo ambruksaat salat ashar#jtvjember #evakuasi #sidoarjo #fyp,139700000,398600,13900,38200,43675,я один не понял что это такое,31400,what am I looking at,8664,"apaan sih kok aku ulang""ttp aja gk paham.",8478,сначало не понел.потом нехуя не понел,7796,alguien que vino a ver a los comentarios 😁,3151
https://www.tiktok.com/@gymmmmm23/video/7611573338502090015,1772207532,#gym #gymmotivation #coreexercises #beforeandafter #corestrength ,135600000,6300000,75300,1100000,358714,"Just imagine how much strength it takes to move that weight, and brother was doing deadhangs, running and playing basketball.",312400,day 500,286900,Never been more proud of a stranger,173100,[Sticker] people hating;,136500,[Sticker] Respect ✊,102200
https://www.tiktok.com/@andr3w_wave/video/7600089922267008278,1769533834,That walk said everything 😍🇺🇸 @korraobidi #RedCarpetBoy ,130600000,11700000,87900,255200,415679,aquí las mujeres q nos alegramos cuando vemos a otra mujer hermosa. 🥰 y tiene actitud bonita.,334000,"Be honest, how many times did you rewatch this 🥰",289400,I never saw the shake coming 😂😂 wasn't prepared at all 😂,270600,Thank you❤️,257899,[Sticker],244400
https://www.tiktok.com/@realjayllnn/video/7590923746794376461,1767399693,,136000000,3200000,15400,476900,129738,ternyata gigi mereka putih bersih itu Pulsa 😭,130800,"My veneer came off , you literally can’t make this up 🤦🏽‍♂️",74000,[Sticker] Yo viendo que no le sale sangre cuando se le cayo 😔,64099,дагестан начал работать дистанционно,42100,GAKUATTTT 😭😭😭😭😭,24600
https://www.tiktok.com/@murmurcloud/video/7594691610663783693,1768276965,"Beginner's crochet tutorial, crochet Basics for crochet lovers, learn How to crochet, How to Knit Learn Crochet Now Häkeln Lernen | Учимся Вязать | Крючком | Aprende Crochet Hoy ✨ --- 🔖 Hashtags shown #learntocrochet #häkellernen #учимсявязать #aprendecrochet #crochet",137900000,1800000,8469,96800,420656,my resent project 😔💔,55600,are you sure this is for beginners?,14600,Your yarn is so well behaved,8059,"For those who don't know, this isn't regular crochet. This is what is called Tunisian crochet, depending on the length of your work, you'll need a crochet hook with a tail",4070,"I want to learn it; it looks easy, but in reality, it's difficult for me 😌😌🥴",3045
https://www.tiktok.com/@squatch.and.sons_customs/video/7587887834028100895,1766743200,Fighting the post-Christmas depression. #bushcraft #asmr #woodcarving #christmas,128600000,4300000,24800,84600,197164,Me the whole time. “Wtf is he making” end of the video “ wtf did he make”,257399,bros kitchen,226300,ah yes the infamous whatchamacallit,160500,para que sirve?,115400,какое красивое чтоэтоблять,86500
https://www.tiktok.com/@nfl/video/7604678425932074254,1770602199,❤️👏 #AppleMusicHalftime #badbunny #superbowl #nfl @Bad Bunny ,134400000,17000000,91800,549600,869587,"Yes!!!! He named all the countries in AMERICA , because it’s a continent not a country !!!!!",862500,Fully believe that Trump couldn't name half of the countries.,637800,"it's crazy how people are ignoring his message ""TOGETHER we are America""",630800,YESS BAD BUNNY NAME ALL THE COUNTRIES,610400,didn't leave a single one out,598000
https://www.tiktok.com/@restore.craft/video/7611156273236593951,1772110427,"Granny wants to go diving, so crafted an ocean epoxy with a pool. #flooring #viral #pool #epoxy ",109200000,1500000,10500,73400,108856,🗿,63800,walaupun ai tapi seru nontonnya,41200,JAJAJAJA pasaba de todo en la ventana 😭,31800,[Sticker] yang ngira bikin kolam renang bilek:,20800,[Sticker] ni se nota que es AI,20500
https://www.tiktok.com/@uk..jan1/video/7609561659673251103,1771739155,usatiktok🇺🇸♥️😘 #uktiktok🇬🇧ukviral #pppppppppppppppp #vairal_video #🇱🇷🇱🇷🇱🇷🇱🇷🇱🇷🇱🇷🇱🇷🇱🇷 #foryoupage❤️ ,0,555,21700,0,0,those who believe that it is AI gather here,6339,i hate AI 😭,3782,qui à regarder la vidéos plusieurs fois comme moi,2767,Who is watching now now now now I mean now now now now,1680,that's real even me I was inside the car,1183
https://www.tiktok.com/@silva.maria258/video/7589197206498839838,1766997704,The cat’s golden lips can turn stones into gold?    #kitten #aicat #aicats #fyp #foryou #catvideos #animation #wolink ,117700000,3200000,16300,214200,168627,semoga bibirku berubah kaya gitu ya allah,57300,yang nonton bayi kadaluarsa,54900,pq le hizo eso sí la ayudó 😭,47200,😂,43800,Мяу,34400
https://www.tiktok.com/@jokoool0/video/7609742774140800287,1771781332,Back Therapy #fyp #therapy #relax ,126500000,3100000,47800,793200,203366,you only post those who survives,242300,Careful guys..,172000,Someone said “they post only those who survived” 😭😭,132800,Donde se ubica la clínica ?,77700,50 Likes y me la pongo de perfil,58600
https://www.tiktok.com/@that.sadie.sue/video/7589455156496862495,1767057743,"Progress of Jayden’s walking from the 6 weeks he was in the hospital! The OT’s have done a phenomenal job with him. Jayden looked hunched over in a lot of these videos as his long abdomen scar was quite tight. As he stood, walked, and stretched more, the scar has loosened and he can now stand completely straight. It’s still tight and he can’t bend backwards at all, but he’s not hunched over anymore. He no longer has pain when he walks. His left arm is also gaining more and more movement.  A lot of these videos are just the highlights from his exercises. There were times he would yell out in pain, times of exhaustion, and struggle. His journey was not easy, but he got through it. He is so tough!  Again Jayden is ok with these being posted, and these nurses have also given consent to be posted. #hospital #motorcycle #accident #brother #pt ",127500000,15500000,92500,317200,749030,Logically the next step is a backflip,1200000,"I'm proud of him, and I don't even know him.",871800,now THATS doctors work good on u bro,625000,[Sticker] the Doctors,468700,6 weeks?! I was thinking it was over a span of months. Crazy progress,468500
https://www.tiktok.com/@mamato.viral/video/7606026318492273950,1770916015,What tool can cut through five layers of cucumber??? #experiment #scienceexperiments #satisfying #asmr #satisfyingvideo ,134000000,1600000,5686,42100,66550,me:,106400,I saw smth looking at me through that window,72800,You were trying so hard to break that tape 😂,72700,"поч в конце заблюрили, типа настолько жестокие страдания огурцов",51700,The tape almost got subotaged....🤔,40500
https://www.tiktok.com/@mother.world.baby/video/7606530733833850142,1771033455,baby not responding from 20 days #newborn #medical #latecry #babycare #usa🇺🇸 ,121500000,2300000,111200,130700,155281,"así estaba nuestro segundo hijo, no reacciono y lo dieron por muerto, una hora después Jesucristo lo resucitó le dio soplo de vida, aleluya, y ahora ya tiene 30 años de vida gracias a nuestro Señor Jesucristo",30400,la sangre de cristo tiene poder cuanto creen,10300,no mother will lost baby in jesus name Amen,9998,"кто то в комментариях говорит спасибо Аллаху, кто то Богу, и никто не думает поблагодарить врача за его действия",7633,"I lost my twins last week after delivery,😭😭 haven't recovered from it",7217
https://www.tiktok.com/@haithinhtran3/video/7592902124342725901,1767860390,Female celebrities protect each other #estheryu #cynthiaerivo #ariana #usaus #fyp,129900000,2600000,4027,25100,116300,porque se saco el saco? OSJSKSJSKSKSKSKSKSKS,95400,в чем прикол был в первом снять куртку?,86600,My question wtf would you take of your jacket first ?? 😂😂,75700,[Sticker] todo bien asta que salio adria a grande,43200,Eu em todos os vídeos 🥰 no vídeo da ariana grande…… 🤨🫥,17400
https://www.tiktok.com/@new..art4/video/7613411270804491550,1772635468,,128600000,2500000,18300,72100,134437,yang kerja paling lama si jenggot bnl🗿🗿,46300,World 🌎 2026. India 1659,41200,panas bgt njir kyknya di sana,28600,[Sticker],28100,stamina nya ga ngontak jir,9869
https://www.tiktok.com/@travischapmanart/video/7592002455152381215,1767650843,"Kip’s first attack on the capybara labs was a massive success and it sent them back several months of production. While they were rebuilding, they made a plan to stop this weapon of mass destruction. It was the mammary canon of milk but nothing goes to waste in the jungle. To be continued…  The Capy cartel is a well run enterprise with farm to glass coffee table production of product. They have chemist in remote labs and a guerrilla security force working the mountain passes. And Sicario’s keep the local politicians in line. The Diaz brothers run the show. And they were the main competition for Kip and Pablo circa 1984. ",128400000,10500000,39800,4900000,805140,I'm not using my creativity to it's full potential it seems,232900,[Sticker],106900,Tu pintaste esto??,104500,Veo talento 😎,88300,The painter,59900
https://www.tiktok.com/@orange.cat.diary100/video/7611357025515113758,1772157166,"The tiger got into trouble outside again,this time we have to call in the chonky orange cat for help!#funnyvideo #aicat #animation #orangecat #cartoon ",107900000,1600000,14400,56900,130046,😂🤣,6132,Guess the age of the viewer🤣🤣🤣,2652,viewers age my age 26🤣 and you 🤣,1438,😂😂😂😂,661,အသက်ငယ် လာလို့ထင်တယ် ဒါတွေပဲ သဘောကျတော့တယ်🤭,198
https://www.tiktok.com/@pinkcat456/video/7612254527726636318,1772366206,#cutecat #cartoons #catstory #aicat ,114900000,2100000,13700,183200,150112,The AI reading the script:,25100,[Sticker] LA ROSA DE GATOLUPE,18000,"Credoooo, esses gatos estão muito agressivos 😳",9889,My Sheyla,7387,pasti ibu itu besti nya jule,6429
https://www.tiktok.com/@brainrot.stories12/video/7616012099432647950,1773241006,Tung tungs get lucky #italianbrainrot #tungtungtungsahur #tralalerotralala,96300000,3000000,15100,305700,223431,Bro...💀,115000,[Sticker] the end,60600,Era necesario el beso,20200,ai or treasure?,7529,[Sticker] que verga con el final,6714
https://www.tiktok.com/@ly.phung688/video/7592915210688597279,1767863405,Surprise my long-distance boyfriend 🥰💞#reunion #surprise #couple #usa #fyp ,125400000,9900000,11100,152800,384884,Yo viendo el primero y el último:,784700,[Sticker] Empezó mal y terminó peor,578800,YALL THE FIRST ONE WAS HIS SISTER WHO PLANNED IT,555100,Guys the first one is his sister she knew all about the plan.,547100,yo viendo el primer video,299300
https://www.tiktok.com/@fish.baby0/video/7589725956999417110,1767120785,#for #foryou #foryoupage #viral #fish ,125300000,3600000,21200,685700,132029,what a catch,392100,🐟:perwakilin aja kan bg?,259000,WE SHALL EAT TODAYY,253200,buang buang time,169700,there are plenty of fish in the sea:,155700
https://www.tiktok.com/@ai.movie66/video/7592049229888064823,1767661741,Tung tung sahur gets a nice new face #italianbrainrot #tungtungtungsahur #ballerinacappuccina #tralalerotralala ,115200000,4100000,14800,679100,213714,creo q somos hermanas 🤣🤣,174200,Ummm WTH is doing,65200,she looks like kim kardashian 😭,44400,vengo de aquí 😂😂,32000,lo peor es que miro el video completo,29500
https://www.tiktok.com/@goodjfvl7y9/video/7617844941594791199,1773667756,LIVEIncentiveProgram #LIVEFEST2026 #MakeLIVECount #PaidPartnership ,119500000,2700000,37300,1400000,200287,real or madrid?,42000,уже похуй если честно что смотреть,31700,"[Sticker] “One minute I feel shit, next minute I’m the shit” really applies here 😅",30200,ХАХАХА ЕБИТЕ ЭТОТ КОМ Я ХОЧУ ЭТО ВСПОМИНАТЬ,19100,[Sticker] Ai or Ai ?,12100
https://www.tiktok.com/@funny.that6/video/7595515809846267149,1768468850,Chihuahua frightened them#satisfying #funnydogs #fyp #foryou #usa ,118500000,2400000,37800,887200,183461,"Disculpen pero no me parece gracioso😡😡😡. Pueden causarle infartos a los perritos. En serio ese pasan, solo vi el inicio y me indigne.",855,"ИНТЕРЕСНО.... У СОБАК МОГУТ БЫТЬ ИНФАРКТЫ, РАЗРЫВЫ СЕРДЦА?",727,THATS NOT FUNNY... Its CRUELTY....The fright is enough to change a canines behaviour for life...,690,ビックリしすぎて可哀想💦,661,AI but still funny.,489
https://www.tiktok.com/@usafunny36/video/7595953884942617887,1768570870,#BalliBotMogis #TrendingReels #TrendingReels #Foryoupage ##FYP #FYP #ViralTikTok #MillionViews #TechMagic #SmartBot #AITrend #RobotVibes #Innovation ,119000000,1700000,40900,111800,144705,Facebook people,6560,it doesn't make any sense,3206,it not even funny,3173,who's watching this Sunday evening,1726,es muy mal ACTUADO,1401
https://www.tiktok.com/@leekirra/video/7606202066670800141,1770956936,I think this is the happiest\u002Fmost scared I’ve ever been 😭 I can’t get over it LOL #dumplings ,124200000,11100000,16200,263100,382980,the girl:,845700,All the green dumplings looking at the glitter one,762500,After that scream he knew it wasn’t his,745200,The green one laying on the ground,628400,the mountain of green dumplings😭,507600
https://www.tiktok.com/@dogzone22/video/7608248684534402335,1771433470,Funny Dogs and Kids #dogtiktok #viraltiktok #funnydog #funnykid#funnyvideo ,119200000,2300000,19500,851100,179958,😂😂😂😂😂😂😂,18500,cómo le van a permitir que le toquen las partes íntimas de los perros,11400,"NEVER, EVER let your child hit Animals!!! 😡",7062,😂😭,5371,"Esto no debería ser permitido , no es nada chistoso, es como un maltrato psicológico y falta de cuido para los niños.",2100
https://www.tiktok.com/@mundossalvaje/video/7614315668007111958,1772846027,Adopté a Este Perro Abandonado,124000000,7300000,236200,781500,427689,por mi salud mental dire que es IA 😫😭😭🙌🏻,212400,repitan con migo el ser humano es lo peor de este mundo,155100,maldigo a la familia que boto al pobre perrito,100000,Me dolió tanto ver como lo tiraron 🥺,52900,les humains sont des monstres,38400
https://www.tiktok.com/@happymoments003/video/7588348370377280799,1766800055,Toddler and newborn#kids#funny#funnybaby#toddler#newborn,109700000,2900000,22000,352900,170693,[Sticker],12900,😭🤣🤣,5885,The second one not funny at all 🥺,4728,laissez pas les bb avec les enfants c'est dangereux,1929,certains scènes sont inadmissibles😱,1306
https://www.tiktok.com/@szgqjb3978/video/7602994490474908959,1770210121,"kampung halamann, Blm Dapat Kabar keluarga disibolga 😭😭😭 #banjirbandang #sibolgatapteng #pyfツviral_❤ #berdukacita😭😭",121300000,2200000,5930,223900,136292,The first one,122300,[Sticker] Bro dime Que el primero fue editado,9634,the first one:Nicole skirts on Instagram,9046,😳Am still thinking about no 1🤔 where the hand went and what its doing inside??? 🤷,4079,[Sticker] the first one,3944
https://www.tiktok.com/@sandmeierswix/video/7618521274628721950,1773825225,My boyfriend sent me this 🥲#house #gf #fail #fyp #girls ,122900000,5400000,25700,1700000,354194,wtfffff,362900,La pregunta es porque se graban 😭😂😂,88400,Drowning yourself in pickles is actually crazy 😭😭,52000,strong and independent,20900,That had to hurt😭,18100
https://www.tiktok.com/@user12577120620771/video/7603650421055376654,1770362894,Prank Funny#funnyvideos #prank #fyp #haha #viralvideo ,116400000,2900000,20800,1000000,176045,OMG🤣🤣🤣🤣🙏🙏,23500,Yg pertama. Ketahuilah saya pernah diposisimu😭,7925,🗿🗿,5192,"Casi todo bien, lo único malo fue lo del pollito 😡",3517,The first one reminds me of this scene 😁😁,3311
https://www.tiktok.com/@megaamerican/video/7602002849236553015,1769979250,,114900000,14200000,41800,730500,623757,Gods creation is so beautiful,357600,trs bagaimana dengan keindahan surga jika dunia saja seindah ini 😇,233200,Please look for her,146200,mega : 🌅🌆🌄🏙🌃🌇 me: 🚽📱🤣,90800,Hello mate,77800
https://www.tiktok.com/@mindalchemy0236/video/7586488558471499038,1766367032,Cute baby cool dance 😂 #cute #cutebaby #bossbaby #babydance #ai ,111200000,2600000,40700,1200000,232552,সালমান খান নয় ❌ শাকিব খান নয়❌ হযরত মুহাম্মদ সাল্লাল্লাহু সালামের ভক্তদের দেখতে চাই ✔️,2984,@🌷Sadiya🌷:সালমান খান নয় ❌ শাকিব খান নয়❌ হযরত মুহাম্মদ সাল্লাল্লাহু সালামের ভক্তদের দেখতে চাই ✔️,1121,[Sticker],908,Allah pak ke naam ko like karte jao,634,Hy Allah 😂🤭😂😂😂😂😂,601
https://www.tiktok.com/@usa.clips63/video/7618605701295787295,1773844896,##BalliBotMogis #TrendingReels #TrendingReels #Foryoupage ##FYP #FYP #ViralTikTok #MillionViews #TechMagic #SmartBot #AITrend #RobotVibes #Innovation,116000000,677800,5409,97300,44959,в целом уже похуй че смотреть,36100,how do people find this funny,30700,pichekk😭,12300,[Sticker] Like when it is red,2899,you really can never predict your next scroll,1119
https://www.tiktok.com/@realjayllnn/video/7610904549506698509,1772051834,#challenge ,112200000,5500000,23400,868000,185791,"[Sticker] ""ROLEX ROLEX ROLEX""",987500,HAHAA 💸 HAHAA 💸HAHAA💸💸💸,782500,"""ROLEX ROLEX"" ""HAHA💸 HAHA💸💸""",447300,kayanya si rolex sayang bgt ya sama si chanel,309100,да купите вы ему уже этот Шанель,142700
https://www.tiktok.com/@nicollefigueroaa/video/7615396739054390541,1773097757,Estaba temblando JAJAJA,117000000,10700000,36900,263900,480667,Ni de chiste me subo 😂,681200,Ella tipo,664300,necesitamos ver el video si o siiiii,358900,[Sticker] Nikki después de ver lo alto que era,358700,la chica:,337900
https://www.tiktok.com/@goddam.ghonzo/video/7593919918974750007,1768097285,swipe to the beat :3 #fyp #fypシ #catanimation ,114500000,10500000,212700,3500000,1162036,I’m a monster,542100,me seeing what I do,438600,а че другие не отлетают,246600,[Sticker] why tf was i still swiping after that 😭,202400,SORRY BRO😭😭,151600
https://www.tiktok.com/@rmvyifgcjef/video/7615967266886225182,1773230576,The fast reflexes of parents 🥰🥰 #fastreflexes #usa🇺🇸 #kids #funny #baby ,113600000,6500000,12700,526700,315081,Kids be like,669500,Why are all of these kids trying to dive into the abyss 😂,216000,THE END,195100,It’s so difficult tryna keep those things alive I don’t want one 😭,75400,ya entendi que la parte mas dificil de tener hijos es mantenerlo con vida,51500
https://www.tiktok.com/@byefarzy/video/7594661131772333342,1768269862,So funny for no reason 😂😂😂😂  @Anwar Jibawi #fyp ,109900000,16200000,109100,3400000,1580454,"""My son died"" Bro:",910900,bro this might be ur best video😭😭,620100,alr i made a new meme chat here it is,609100,Js use the pencil method ✌,422800,the villain:,402100
https://www.tiktok.com/@lovepets_001/video/7588515887099956510,1766839099,The cat who loves to Explore.🤣🤣🤣#cat #cats #catlover #catsoftiktok #funny #foryou #funnyvideos #viral #fypシ #funnytiktok #fypシ゚viral #usa🇺🇸 ,108600000,1400000,15600,292300,118113,the second cat,5442,А котику больно с 1 видео,1568,"I gotta admit I'm impressed about the cat that jumped out, then back into, a moving car.",1074,[Sticker],781,me parece que el ventilador le arrancó un diente al gato 😂,602
https://www.tiktok.com/@badbunny/video/7602420881326869773,1770076557,tik tok,114000000,13100000,69600,434700,496952,thank you grammys for helping him remember his tiktok password,709200,Quienes están aquí desde 2016?,557600,congrats papi,359800,"""EL QUE TIENE BILLBOARD, NO TIENE GRAMMY""",186300,we love to see him thrive 🥹,142500
https://www.tiktok.com/@quiz__pro3/video/7609751746113539342,1771783433,#creatorsearchinsights ,96600000,1400000,12800,59700,117606,🇮🇷Iran is the most powerful country in the world,3095,Iran's power is 💪💪,852,semoga iran selalu di lindungi Allah SWT. amiiin,821,May Allah protect all Muslims.😳😳😳,560,[Sticker],538
https://www.tiktok.com/@ishowspeed/video/7594200896922258702,1768162702,#ishowspeed ,112100000,11300000,136700,309700,535774,ok speed!!,218500,is this ishowspeed?,193500,who's seing this account for the first time today...?,174800,Mind you he doesn’t appear on my fyp,103700,LE LOGOBI 🇨🇮🇨🇮🇨🇮🇨🇮🇨🇮,80700
https://www.tiktok.com/@theartvibes3/video/7608226605911100703,1771428327,,110600000,2400000,33600,124000,163092,Repitan conmigo:Nunca más volveré a regatear a ningún artesano por su trabajo !!🤝🫡,51900,I’m speechless. I can’t begin to count the unsafe actions.,35800,His name is Freddy. Freddy mercury,18700,"no sé,Pero al ver este video me dió mucha pena,tristeza,será x la inocencia del señor,el enseñándonos su forma de trabajar,de ganarse el pan diario,y nosotros criticandolo,Dios lo cuide,y le provea mucho más.",13800,¿Que no se supone que el polvo que desprenden esas lámparas provoca cáncer ? 😳,13500
https://www.tiktok.com/@maria.rdgzs/video/7595011361713769742,1768351416,My sweet Lucy was born at 24 weeks. Today she is 31 weeks gestational.💖  I’m beyond grateful to God and the incredible NICU team who take such amazing care of Lucy every single day. I’m so amazed of how far she’s come. It sure doesn’t feel like it’s been 47 days. (1 month & 17 days old) I love sharing her everyday progress. 😍🥳 Thank you to everyone who has been keeping up with her journey and for all the kind words and support!  #preemie #preemielucia #nicubaby  #mom #baby,105100000,9500000,45500,438900,318200,GO BABY GO!!! 🥹💗,751900,[Sticker] GOOO LUCYYYYY🥹,518000,[Sticker] GOOOO LUCY YOU CAN DO IT,392200,[Sticker] Doctor,240300,GO LUCY! GO LUCY!! GO LUCY 🥹🥹🩷🩷,236700
https://www.tiktok.com/@aljazeeraenglish/video/7612442406960614687,1772411400,"Israelis filmed the moment an Iranian missile broke through Israel’s air defence systems to strike a target in West Jerusalem, in retaliation for Israel’s war on Iran. #news",104300000,4100000,33200,270200,255269,I can’t believe we watching war on TikTok,152200,That doesn't even compare to what Israel did to Palestine.,89600,May God protect innocent people,66200,what is happening in the world? can we just have peace 😭,55700,Iran has a right to defend itself,43800
https://www.tiktok.com/@kaitlinberry1/video/7590437822520200462,1767286562,happy new years from new york! 🪩🕺#newyork #timesquare #newyear #confetti ,108200000,12600000,28700,267000,712379,Thank youuu,1700000,"“I can’t make it, I’m throwing confetti out the window at 12am”",851000,I would’ve gotten too excited and accidentally fallen out of the window and ruined everyone’s time,843100,One thing I learned: people volunteer to throw the Times Square confetti and it’s not canons. Conclusion: too many people signed up this year 😂,810700,how do you even grt this job,588100
https://www.tiktok.com/@boiledburgers/video/7603816463446641950,1770401509,Time for work! ,103900000,16400000,61000,1400000,971937,I’m crying what is your problem 😭😭,2000000,I too would cry if I had to drive 52 mins at 6 am,884500,So are you the nurse or patient?,457900,12 hour shift AND an hour drive is insane,412900,This is how Katie Fang started,367600
https://www.tiktok.com/@olympiacunningham/video/7612603213820284173,1772447438,#fyp #foryou #foryoupage #funny #usa ,106600000,3500000,27800,316800,146211,walaupun cuma ekting tapi gue greget anj,152400,a quien más le dió ansiedad ese vídeo 😂,119500,He is proof that being calm can save you.☺️,102300,Omo i was panicking until I realize it wasn't my problem 😂😂,85300,This man saved my life,61800
https://www.tiktok.com/@edwinchenn/video/7591886340782902583,1767623840,Yall think its loud enough 😭 #dog #funny #viral ,99500000,14400000,73400,4700000,1310890,It sounds exactly the same😭,981400,the mic makes it 10x louder omg 😭,724000,[Sticker] « AUWW »,616400,not even barking atp just full on screaming,503200,AAAUUUUUWWWWWWWWWW,338800
https://www.tiktok.com/@meta8238/video/7596287344869739807,1768648554,#usa🇺🇸 #love #fyp #foruyou #tiktok ,96300000,1000000,17100,115600,73225,who else is wondering why the person who is recording cannot help,3912,who else is watching today on sunday,1297,"who watching on Monday, like now on 19 January 2026 😂😂😂😂......",1139,who is watching Monday morning... like now now,975,Même les animaux sont plus affectionnés et connaissent l'amour Que mon Ex.,887
https://www.tiktok.com/@ishowspeed/video/7621300668329905422,1774472362,#ishowspeed ,122100000,14800000,323700,1400000,1036358,Never in a million years I would think speed would cosplay as bakugo,298600,I swear Speed is always sweating,190300,Bakugo gotta be the most random cosplay wtf 😭,113500,Ta guapo el wey,100000,O único que realmente sabe o passinho do jamal💔💔,90200
https://www.tiktok.com/@nam.nguyen4503/video/7614837821668363551,1772967671,Funny video #funny #street #prank #moment #usa ,106000000,2500000,28600,453400,172915,😂,9674,Sobre actuado 🤷🏻‍♀️,3506,it's so fake 😁,1839,yg pertama kirain lina mukerji,1512,pero parece todo montado jajaja,1221
https://www.tiktok.com/@underdogmax2/video/7587018340137241887,1766490379,#orangecat #cat #cartoon ,101100000,2800000,9583,390300,111527,Racism 🥺,95600,they're making it look like being black is a crime.....,27000,RACISM 😭😭😭,21900,why is the black university underwater??,19200,и это все за один день?,18900
https://www.tiktok.com/@khutranghung/video/7590350542451248397,1767266275,They are finally reunited ❤️🥰 soldier surprised his family 💕 #soldier #reunion #surprise #family #reunited,95300000,2900000,28600,50400,179935,Touching,5611,Yo llorando por gente que ni conozco jaja,3123,qui a pleuré comme moi,1270,I don't why I share tears anytime I watch dis kind of video...😰,1252,Я вся разрыдалась пока досмотрела,1042
https://www.tiktok.com/@floatinrain/video/7607487159028747550,1771256160,Her❤️#inlove #valentinesday ,100200000,7500000,24100,268900,568808,My patience is killing me,345900,that man got PATIENCE.,176700,I have anger issues bro,86800,She actually annoyed me,76100,[Sticker] Yo todo el video,73800
https://www.tiktok.com/@lulumelontv/video/7614364582382963981,1772857419,Strawberry Dance🍓 #aibaby #babydance #aidance #viraldance #babytiktok,102100000,3600000,34900,1700000,312277,tebak umur penonton😭,15300,it's disturbing how adorable I find it.,7868,llegue a la edad donde me dan risa estos videos 😂😂,4920,[Sticker],4861,"kebesaran allah, strawberry bisa joget, mashaAllah, ajaib🥰",3530
https://www.tiktok.com/@andrewjames.24/video/7589579358612884766,1767086703,Not the upside down spawning at LAX pls- #strangerthings  ,102800000,11700000,113500,1600000,842878,uhhhhhhhh,657900,vecna you better stay down der,475100,We have a tutorial on Netflix…,448700,Should i stay or should i go?,432300,no cuz i’m serious what is that,417200
https://www.tiktok.com/@ai.drama.25/video/7608657299518819615,1771528611,#italianbrainrot #aistory #tungtungtungsahur #udindindindun #aidrama25,78300000,1800000,5863,83300,123867,ai or real?,11100,this is not for kids,5871,That means everything that belongs to you will surely come back to you in Jesus name say amen,925,ok bye,873,taylor swift?,847
https://www.tiktok.com/@dog_funny001/video/7587732604221164831,1766656714,Funny bunny #bunny #rabbit #funnyanimals #funnyvideos #Foryou ,97900000,6400000,28600,1200000,602479,só cute❤️💔,138800,всмысле зайцы едят что то кроме моркови?,126800,Funny bunny?,121300,De verdad da risa el segundo?,67100,Lo golpeó con el teléfono 😞,23200
https://www.tiktok.com/@krystianatiana/video/7592048833325010207,1767661632,This is the only way I can get any sleep 😫 #newborn #postpartum #babies #parents ,100100000,7100000,19100,225700,321408,Pov: nikah sma laki gajih 1m per minggu🥱,182900,This is what marriage is supposed to look like🤍🥲,165600,"Я в шоке, с взаимного понимания этой пары. Как тактично выставлены границы. Меня это так радует",164900,вот это действительно ОТЕЦ,159500,The way you both split time is everything ❤,137100
https://www.tiktok.com/@dornimegna5/video/7589075878433262879,1766969440,Factories 🏭#satisfying #relax #usa #fyp #tiktok ,99900000,1000000,3748,36100,60396,[Sticker],5372,anteng bngt gue nontonin smpai hbis,617,"если оборудование такое умное, а каков тот конструктор, который придумал такую конструкцию.",155,TEBAK USIA PENOTON,146,🐧,113
https://www.tiktok.com/@awais.games4/video/7610205006804897038,1771888962,Amazing Balloon Challenge 😂🥰  #gaming #gametok #mobilegaming #satisfying #challenge,95600000,2800000,87200,295600,193758,[Sticker] girls power 😂,54000,Any woman supporting the girl let's gather here 🥰🥰🥰🥰,49700,[Sticker] Girl power she won against him 🔥🤭,28100,[Sticker] Ibrahim the whole time,22700,Ibrahim tu vois ta vie,18500
https://www.tiktok.com/@haleyybaylee/video/7602396806672108813,1770070955,IM SCARED YALL @E! News ,103000000,8600000,6192,34200,233729,UHMM ATE?!,1000000,Where’s this guy,225800,Notice how cole isn’t there anymore,213400,Haley baylee glambot,210300,Literally every celebrity as soon as they see haylee absolutely slaying every glambot,110400
https://www.tiktok.com/@abc7chicago/video/7602298069006208286,1770047965,"Two masked men armed with a sledgehammer smashed through the window of a west London jewelry store in broad daylight on Saturday morning, January 31, and grabbed multiple items from a display window before fleeing on foot. Dramatic footage captured by Amy Hilton opposite the Gregory & Co jewelry shop in Richmond shows one of the two suspects repeatedly hitting one of the shop’s windows with a sledgehammer, while the other suspect waits by his side holding an empty Ikea bag. The two then start throwing the jewelry displayed in the shop’s window into the bag, as one of the workers inside the shop tries to stop them. The pair then run away down the street. Hilton told Storyful that she was having coffee with her boyfriend in a cafe opposite the jewelry store when she witnessed the robbery. The Metropolitan Police said they were investigating the “aggravated burglary” and urged witnesses to contact them, according to local reports.",98500000,2800000,88200,470600,232658,This the slowest robbery I’ve ever seen 😭😂,223600,This can never happen in any county in Africa we are our own police 😂,173200,"""whats this interesting young man doing?""",170000,Wow broad daylight robbery 😳. This can never happen in Nigeria😂😂😂,75100,And nobody does a single thing to help the shop owners,69000
https://www.tiktok.com/@spinningfish01/video/7604090694952668446,1770465424,SpinningFish#blockblast#fish#funnyanimals#fyp #viral ,134300000,6600000,44000,2200000,342453,Who’s sponsoring this,161200,Finally my fyp is back to normal,76100,[Sticker] 4.1M for what ???,72300,Mis sueños con fiebre:,48900,[Sticker] baru nemu iklan sampe 3 jt like jir🗿,28200
https://www.tiktok.com/@seal_sealion/video/7586877507803090190,1766457596,#fyp #sealion #seal ,100500000,7900000,52900,1600000,385006,ES HORRIBLE Q LINDOOO 😭,414200,Sometimes i hear this from my mum's room. Is she hiding a seal there?,242100,"I'm blind, what's happening?",239400,sounds familiar,140200,no busquen foca seca yo me traume,131900
https://www.tiktok.com/@black.cars19/video/7591045443509816606,1767428026,#Bmw car edit #viral #foryoupage #fyp #100kviews ,79200000,1000000,16800,23700,66268,[Sticker],3368,"Search up, Stranger Things",2404,уже 2026 год а люди не видят монтаж 😂😂,1527,⚠️JESUS ESTÁ VOLTANDO ⚠️,562,Stranger Things,67
https://www.tiktok.com/@eliblair._/video/7598224107842325790,1769099444,#fypシ #viral #funny #school #trending we’re gonna be in a new location tmr 😔,88900000,7300000,33300,352600,446342,popular boy humor 💔,535900,We will never forget,265700,None of these will ever be as funny as the Lego head 😭,244200,try not to laugh❎️try to laugh✅️,201500,Was it pajama day,201400
https://www.tiktok.com/@luck20027/video/7589993300514360607,1767183039,#BalliBotMogis #TrendingReels #FYP #ViralTikTok #MillionViews #TrendingReels #Foryoupage #FYP #RobotVibes #innovation #TechMagic #SmartBot #AlTrend ,95600000,1100000,6071,96100,75022,Прикиньте стукнуться об потолок,49200,no amiga no estás manchanda💜,20400,what if you hit the ceiling 😳😳,15700,takut bablas ngelewatin kolam😫,14700,А если перелететь?,6202
https://www.tiktok.com/@zvsmdmf/video/7617513225063566623,1773590525,Do you understand this story? She betrayed her. Do you think they are best friends?#barbie #funny #shorts #cartoon #story ,97800000,4100000,13900,260100,238651,He was so loyal 2 videos ago 😔,155600,“will you marry me?” when they’re already at their wedding is wild,152200,us watching this,82800,Im starting to like these ai video’s,70100,how I felt watching this,59800
https://www.tiktok.com/@brownhikingtrails/video/7591207887142145294,1767465856,"When they say “he needs his own bed”😆 Yeah he doesn’t want his own bed, he wants their bed🥺💕 #GoldenRetriever#deer #buck #dog #fyp              ",94800000,14200000,31500,1700000,708835,and I just kinda live there now,1100000,3 beds and they are all in the same one😂,1000000,"“Dont look at me, you were the one who said we should get a puppy!”",471100,THE LOOK 😭😭,328800,✨dear god…✨,305000
https://www.tiktok.com/@nutsyfarm/video/7617015567714766094,1774008000,"Sheep: Brother Ma, you're amazing!#animals #viral #wildlife #fyp #fypviral #family",79800000,1100000,12900,127400,91576,"это ИИ ,но все ровно по справедливости",740,Really or Ai 😂😂🙄,397,How many of u are watching this on SATURDAY 😂😂🤣🤣,379,c'est comme ça Dieu nous sauverons contre tous nos enemies,372,qui est content comme moi😂😂😂,251
https://www.tiktok.com/@funny.vibes9259/video/7618111680362417439,1773729913,#LIVEIncentiveProgram #LIVEFEST2026 #MakeLIVECount #PaidPartnership,92800000,5600000,35400,1600000,219945,ini termasuk pembulian ngk sih😭,266800,🐐 : sialan gak kena² dari tadi,211800,"🐦 : Jangan main-main, plisss ngga lucuu",117500,[Sticker] the goat:,67800,Sial apa yang aku harapkan tidak terjadi,56900
https://www.tiktok.com/@funnybaby008/video/7617023159287565598,1773476477,POV:you have a brother🙃#family #prank #brother #sisters #funny ,93000000,4300000,43700,724600,253153,and he will be the first to protect you,77100,He took her noodles 🤣,40400,The page turner guy had me howling 😂,38400,That noodle grab was savage af lol,35000,The fuu ~~ 🤣😭😭😭😭,28700
https://www.tiktok.com/@pinkcat456/video/7611498731170499870,1772190212,#cutecat #cartoons #catstory #aicat #usa ,90900000,2400000,15000,239600,162594,Bisa-bisanya itu anak nurut😭,40900,Bueno bien rápido se olvidó de su mamá,35600,that switch she totally forgot about her mom🤣,15900,a gatinha se acostumando rápido com a boa vida !🤣,15400,Bisa dewasa dikit gak klean?,14300
https://www.tiktok.com/@jenacouture/video/7590452972828593463,1767290091,🐐 #traveltiktok #traveltok #morocco #travelbucketlist #fyp ,92400000,16800000,86800,6000000,1253591,i can see how early humans would think this was demonic now 😭,753700,the floor is lava ?,584300,this tree so goated,518600,"[Sticker] ""My family tree""",339800,this would send me into a psychosis,276300
https://www.tiktok.com/@corerants_usa/video/7618602358896921886,1773844118,#sadstory #emotionalstory #brainrot #aistory #animation ,94400000,4100000,17100,974200,287575,Us watching this,263100,always that damn song,123400,[Sticker] poor lemon…,86600,This is ai guys. Don’t believe everything u see online,85600,[Sticker] “Honey it’s getting late”,79300
https://www.tiktok.com/@eqh2cbndf2/video/7588865269888470303,1766920465,#fyp,94400000,4300000,11400,511800,238663,the man that has only one leg is not funny for me,81300,el de las muletas 😭😞,67600,to the guy with the crutches - why? 😂,32100,чел который на кастелях☠️,28900,[Sticker] el de la ventana JAJAJAA,21400
https://www.tiktok.com/@addreurbgsyz3/video/7597730086900469022,1768984398,Dads reaction when he saw his daughter playing with little boy 🤣🤣#dad #love #baby #dadlove #daddysgirl    ,92000000,10300000,30500,1300000,529327,meanwhile her mom,260399,🤣🤣🤣🤣🤣,163100,all the dads,148600,"This is normal. Boy moms, you feeling this way is not normal. Thanks!",114600,My favorite reaction 😂,107000
https://www.tiktok.com/@shecidavila/video/7612095485444230414,1772329119,hair or no hair I’m still me 🤍 #chemohairloss #ovariancancer #cancersucks #chemotherapysideeffects #ovariancancerawareness ,94700000,10700000,119200,244000,416109,he looks like he wants to cry but staying so strong for you 🥹,791600,Oh darling that man loves you so much,673700,Owwwwww 🥹,538300,Befor : 👸🏽 After: 👸🏽,488300,But when that hair grows back the pixie cut will be so tea on you,351800
https://www.tiktok.com/@jk.lifestyle23/video/7594844376648502558,1768312552,#tiktok #viral #fyp ,92200000,1900000,25500,28300,117350,in California my neighbor fixed a pot hole on our street after it's been there for a few months. the city fined him for it.,23300,Porsche Cayenne work truck. that's a flex,12400,"In my country, the local govt would fine you for doing their job. But thank you",4602,у нас за такой ремонт штраф,3128,In Italia multa da 1000 euro se ripari la strada,2876
https://www.tiktok.com/@rtd3537/video/7594135178629385502,1768147407,Happy birthday#fyp,93500000,4400000,29900,1400000,245433,normalicemos NO hacer esa estupidez. Gracias,276100,están perfectas las reacciones de los niños,119900,thats not even funny anymore.,96200,[Sticker] nunca entenderé esa moda de dañar el momento a la persona que cumple años,93400,Los niños se sienten humillados 🥹🥹🥹,91000
https://www.tiktok.com/@tungtungtungsahur3282/video/7607089660178763029,1771163587,Patrick installed a golden nose on Squidward#spongebob #patrick #squidward #fyp #tiktok ,83500000,3400000,15000,747600,216205,"[Sticker] ""where is my nose"" ""aaahhh""",121500,Сделайте ии платным пж,101900,how did his nose affect his skill😭,92400,[Sticker] Solo los futuros millonarios le darán like,80100,Aura.,27900
https://www.tiktok.com/@comedy.videos815/video/7612330291809488158,1772383787,UK #London #BritishCelebrities #RoyalFamily #Prince Harry #Meghan Markle #British Culture #Adele #EdSheeran #England #France #Paris #FrenchCelebrities #Eiffel Tower #FrenchStyle #FrenchMusic #Mbappe #Zidane #FrenchVibes #Russia #Moscow #Putin #Russian Culture #RussianMusic #slavicBeauty #RussiaToday #Eastern Europe #RussianStars #USA #Hollywood #AmericanCelebrities #Taylor Swift #Selena Gomez #Justin Bieber #Beyonce #Billie Eilish #elonmuskmeme,83100000,1500000,17500,342100,105664,[Sticker] The cat,9227,the cat was like can't you mind your business???😂😂,8580,Ai,4850,Dont tell me this is real 😂,1884,Рыба как-то странно лежит,1510
https://www.tiktok.com/@cat.mind6/video/7613735137058082062,1772710978,#tiktok #cutecat #cartoon #catstory ,93200000,2300000,40800,1700000,193991,[Sticker],375100,мужики вы чё,146000,la IA viendo el guión,60400,con Al khi xem kịch bản,50600,"“This behavior is not appropriate in society, especially for children.”",47100
https://www.tiktok.com/@catutucom/video/7599837313052593429,1769475025,#funnyvideos #cutecat #catsoftiktok #funny #cats ,85300000,14700000,38000,2800000,669281,[Sticker],281100,🐰: dah ah males 🐱: sayang aku bisa jelasin tunggu,99500,mirip,82900,[Sticker] yo al ver q el traductor traduce el idioma del primer gatito q salio,73900,"el gatito de atrás: dame tus orejas, damelaaaaas!!!",65000
https://www.tiktok.com/@ibskits10/video/7592050965834927415,1767662141,Tung tung tung sahur and friend hang out with ballerina Cappuccina #italianbrainrot #tungtungtungsahur #tralalerotralala #ballerinacappuccina ,87500000,1800000,12300,224600,104013,[Sticker] NOO MI FOBIA😭😭😭,105800,I have tryphobia,36200,a quien. mas le dio escalofríos,30100,MDS q agonia,17800,I have trypophobia 😭😭,12200
https://www.tiktok.com/@quiz__pro3/video/7604538183048596750,1770569556,SA-8 Gekho Osa AKM Tracks Down F-14 Tomcat missile launch system #creatorsearchinsights #launch #missile #unitedstates #newyork ,84700000,2000000,12400,156300,112185,Somalia 🇸🇴 😂,18100,The pilot:,8225,"kok bisa tepat sasaran ya,di indo bansos aja bisa meleset",7825,agar hath slamat haen to Allah likho,6477,name game?,3458
https://www.tiktok.com/@joshplaysdrums/video/7595263130767281421,1768410018,"Crazy Tom & Jerry Sounds, on drums! This clip is from a Tom & Jerry episode called “Cat Napping” originally released in 1951. #tomandjerry #animation #musician #rhythm #percussion ",88900000,2500000,13700,222700,110603,This is harder than it looks,112000,this man is a genius,28300,Капеееец🤦🏻‍♀️как это сложно,12400,TERPECAHKAN RAHASIA NYA DI USIA KU 33 TAHUN 😭😭,12200,Donc c'est toi qui nous fessait autant rêver ?,11000
https://www.tiktok.com/@onyinye.tv1/video/7602848715962961165,1770176175,Unbelievable. #millionvi hi,78900000,1200000,12100,38300,91819,in Nigeria every thing is possible,1419,where can you find such kind of woman with that kind of a heart now day?,810,быстро помочь и убежать❌❌❌ стоять и думать что же делать✅✅✅,577,my helper part 2,323,[Sticker] How can you get in that situation,292
https://www.tiktok.com/@raju.vlogs0/video/7600012637425962270,1769515866,,91900000,1900000,17100,53600,128935,ngasah pisau pake tangan🥺,90300,sebenernya india itu bagus” kerajinan bunga nya tapi ya itu soal makanan yg gk bagus😭,67000,"knpa orang di sna kebalik megunakan pisao ya, ngeri aq liatnya",25900,beehhh awas tangan mu mbah,19600,buat 1 aja rasanya udah pengen rebahan.,19500
https://www.tiktok.com/@serene.hesri/video/7611339751471336717,1772153166,I didn’t realize how quickly I memorized this by listening to it from the beginning of my painting…. Surah Ahzab - ayat 35,84400000,8300000,96900,173300,532614,Real muslim don’t judge,143500,I have a feeling serene might be a hijabi some day💗,121700,ماشاءالله تبارك الله احسها افضل خواتها,115400,I am jealous with arabs coz they can understand al quran easily. As us have to remember the arabic without knowing the meaning first,110700,SURAH AL AZHABBBB OMG THAT SURAH IS BEAUTIFUL😭,102100
https://www.tiktok.com/@nobrainjames/video/7596813304157179166,1768770947,why did she get so mad 💀#roblox #prank #funny #memes #comedy ,90700000,8400000,54000,1900000,1298740,“I love you baby”,1600000,“Do u guys think ur funny?”,752700,family picture 🩷🩷,697200,This is actually what having parrots is like btw,545800,"""CAN YOU GUYS STOPPP""",332600
https://www.tiktok.com/@pinkcat456/video/7604841521837378847,1770640206,#cutecat #cartoons #catstory #vira #aicat ,79200000,1100000,8396,89700,83381,[Sticker],39100,99% cwe g bklan skip...,11700,я че угашенная,11200,Díganme que no soy la única que siente el dolor también 😂,8383,real or ai,7513
https://www.tiktok.com/@biubiusunny/video/7609724607783849247,1771777104,They were caught in a great flood..✨,61800000,1400000,12500,48600,99668,where did you get the materials 😳,628,This is a great lesson after any storm there is glory❤️🙏,536,même s'il n'a pas l'argent mais il est très intelligent 🙏,415,woh hebat sekali itu bapak semoga sehat2 terus,185,ou te gen tout talan sa epi premier kay la te konsa,143
https://www.tiktok.com/@clnnmgfp88/video/7595512247577791774,1768468021,When a Celebrity Surprises a Fan in Real Life… This Reaction Is Pure Magic 😭✨ #CelebritySurprise #FanReaction #DreamComeTrue #WholesomeMoment #starpower ,83300000,6600000,23300,44300,368061,[Sticker] my dream,66700,🥲,61200,When Kanye walked behind the kid,37200,"wao, así mismo me pondré cuando vea a mi celebridad favorita Jesus Cristo",32299,LA DE JUANES ROMPE TODO JAJAJAJA,9616
https://www.tiktok.com/@fun9473/video/7618227833017519391,1773756930,#LIVEIncentiveProgram#LIVEFEST2026#MakeLIVEcount#Paidpartnership,97400000,1200000,6062,47700,31405,He miss one 😂😂😂,133600,[Sticker] SEÑOR SE LE FUE UNAAAAA!!!!!!,57400,1 же прошел 😂,30500,It was marked wrong. It was clearly an adult and he knew that.,27300,[Sticker],14100
https://www.tiktok.com/@neo.meow0/video/7605562768674000142,1770808090,#aicat #catstory #cartoons #viraltiktok #foryou ,83300000,1200000,15500,464400,105025,Ko tốt cho trẻ em chút nào,19100,This is no more for the kids🥹,9093,ai reading the script,9010,Ии должен научиться говорит нет,8189,mở bài hoang dã💀 thân bài hoang mang💀 cuối bài hoang dại💀 nội dung khủng bố💀 nhân vật khủng hoảng💀 người xem khủng long💀,4829
https://www.tiktok.com/@robugc5/video/7593397348894625079,1767975655,#Virralvideo #trading #foryou #please #growmyaccount #forme ,80700000,1200000,24300,472500,271811,My love,228,love,85,I love you ❤️,65,jolibilité j'adore 🥰🥰🥰,60,Call. me😅🤣🤣🤣,45
https://www.tiktok.com/@funny.vip78/video/7600206170267094302,1769560904,#BalliBotMogis #TrendingReels #TrendingReels #Foryoupage ##FYP #FYP #ViralTikTok #MillionViews #TechMagic #SmartBot #AITrend #RobotVibes #Innovation ,85800000,3100000,40200,582900,179417,which can style is this 😂,7873,Stay blessed my people 😂👏,5765,😂😂😂,3290,Pasteur entrain de béni ses enfants ☺️☺️☺️,1621,Je prie que cette bénédiction ? t'es localise dans vie de quelqu'un,802
https://www.tiktok.com/@vitakari/video/7592882956071456013,1767855900,there has to be an easier way ,91600000,2600000,13400,352100,105503,What kind of printer do you have😭😭,369100,The craziest thing about being creative…,179800,hey so I didn't like that.,133400,[Sticker] me lo volví a creer,64400,вы мне мозги в 3 часа ночи не это да,47800
https://www.tiktok.com/@imnorag/video/7603282923076209951,1770277303,Special visitor ✨ #blessings #hummingbird #babygirl,89300000,14700000,56100,860200,642692,Congratulations on the birth of your Disney princess! 🥰,1100000,a female loved one who passed is visiting your baby,936800,“Oh yes. Very nice. Very nice baby indeed. Good job mama”,642400,"Hummingbird is Jamaica’s national bird, they DO NOT approach anyone, this is special",583900,es ella,383000
https://www.tiktok.com/@lexusrichards2/video/7616084046807960863,1773257779,We was on the way to the football game and I found this in my camera roll my son is a trip I just realized he laughing cause my titties was on his head 😂😂😂 I was lookin for some in my trunk #fyp  #funnyvideo ,87100000,9500000,55600,3400000,500538,He gone be funny asf omg 😂😂😂😂,631600,Mind you he definitely knows the song😂,541800,he must be funny asf af as fuck,403000,“What’s the rush?” He funnyyy,383900,bro he funny asfk 😭😭😭😭😭😭,309000
https://www.tiktok.com/@bismarckclass_/video/7593159807394123063,1767920313,😁😁😁😁😁,79100000,1500000,19000,559400,116648,":🥰১৮.. কোটি,, মানুষের মধ্যে,,কারো,,কি,,,, সময় আছে,, আল্লাহর নামটি লিখার...🥰🥰",1255,[Sticker],1192,😂😂😂,800,😂😂😂😂,553,ni la gallina se salvo😅,528
https://www.tiktok.com/@tom076867/video/7598064407477800223,1769062261,#fyp ,81100000,4300000,3509,89900,228729,That’s meee,346700,the mime and the grandfather:,113600,i just know he's a girls dad,58100,Hes like a dad to the girls and its so cutee 🥹🥹.,39900,Got a picture with THE diva himself when i went to Sea World a year ago 🥹🙏,22300
https://www.tiktok.com/@paulcuffaro/video/7589514054885068062,1767071464,Lola tries fish for the first time🥹🐟,86000000,13400000,55000,1400000,902174,Great now I want a baby otter,509500,THESE RIGHT HEREEEEEEEE…….. eeeeeeekkkkkk. She is too precious 🥺,490600,How TF did you get a baby otter?!?!,466100,You guys look alike no need for a DNA test 🧬,307500,Sea Otter😻 River Otter👹,244600
https://www.tiktok.com/@pokko42/video/7609112456161545502,1771634573,71cent babyboo #babyboo #pokko #aidance #tiktokfunnyvideo #funnyai,90100000,8900000,32700,4900000,609654,i feel like a Facebook mom watching this,336500,[Sticker],127400,Someone’s humor btw 💔,118200,Dia pas muter kepalanya lucu bangett,104600,"I was about to laugh until someone said ""someone's humor btw""",47300
https://www.tiktok.com/@thesmilyfam/video/7611465171470503198,1772200800,Speed Skills Relay Race! Girls vs Boys #skills #speed #challenge ,88100000,3900000,4134,45300,147714,[Sticker] girls won:,405400,[Sticker] Yesssss my girlies won,181100,My toxic trait is I only like the videos if the women win,130400,Me cuz the girls won,71300,Me when girls win,35800
https://www.tiktok.com/@vidamia938/video/7591294925078007095,1767486118,Yall I did not plan for this istg#viral #fyp ,87800000,6600000,10600,129600,336587,Am I the chosen one????,1100000,The color match is insane tho,953000,quick grab an empty foundation bottle before it dries😭,574600,[Sticker] Ella viendo que hizo su tono,320000,am i real…,234400
https://www.tiktok.com/@10001223gfa/video/7618578100871384350,1773838455,,79300000,2500000,18600,534200,157865,AI tapi lucuu😭,23300,Todos sabemos que es IA Pero causa risa igual 🤣🤣🤣,12600,AI or real ?,8967,AI gak sihh? 🤭,8930,с какого момента вы поняли что это ии,6318
https://www.tiktok.com/@_chelsea_brown_4/video/7605396290830093582,1770769323,Make sure you get your toddler a golden retriever!!! #goldenretriever #bestfriends #puppytiktok #goldenretrieverpuppy  #toddlerandherdog ,85400000,17500000,58600,2200000,930733,cant explain it but her laugh is so pixar-coded🥺,860100,I can't decide whether this is a core memory for her or for you ❤️,809000,He was a good dad in his past life 🥺🩵,469100,"the dog, the little giggles, strawberry wine playing in the background... this is pure bliss mam ✨️you've won at life ❤️",326700,[Sticker] asi empiesa un pelicula triste,321900
https://www.tiktok.com/@jamieandblake/video/7604503172614311181,1770561424,Husband storms out after receiving gender reveal results! 😱🩷🩵 Couple play creative cake game gender reveal game and after receving the gender results the husband absolutely loses it and storms out of the party casuing a scene and upsetting his pregnant wife! #genderreveal #family #couple #pregnant #babygirl #babyboy,87300000,2300000,22100,67600,131314,[Sticker] Red flag 🚩,429200,dikira cewe hamil bisa nentuin gender apa ☺😭,244400,gw sebagai ank perempuan kecewa,157800,Tell him that the gender comes from the father 😂,144100,кстати мужчина влияет на пол ребёнка,99600
https://www.tiktok.com/@71cent/video/7604571763346836750,1770577365,Yo wassup khols ❤️ #babyboo #danceoftheday #dance #funny ,87100000,10200000,56200,3200000,646050,someone saw this with 0 likes btw,582500,im crying whats your problem,431300,SHE GON CALL ME BABY BOO,280700,siapa sih pencipta dance ini😭,189100,do you get extra time on tests twin,163300
https://www.tiktok.com/@megaamerican/video/7590712335703067917,1767350534,new journey,83300000,8100000,24300,444400,384106,mega : 🌅🌆🌄🏙🌃🌇 me: 🛌🏻📱,239500,Mega boleh ga sihh gue ikut lo😭😭,133000,Bro‘s life,94700,mesma vibe:,35700,I quit drinking if anyone cares🥹,25900
https://www.tiktok.com/@mariammarksart/video/7611781668784901406,1772256049,Who put the muffins in the freezer? #muffins @Tiagz #shrek #donkey #prank ,72200000,3000000,33100,573700,147127,Who else watching this with me in 1st of march,26600,You never know what people are doing in their home 🤣🤣🤣🤣,23800,Aye this is dope! The donkey and your teeth just omg 😂😂😂,19800,Who watched this more than once😂😂😂😂😂😂,14700,Nothing 😂,9037
https://www.tiktok.com/@nataliireynoldss/video/7594597142296071455,1768254959,never trusting a man again… #single #breakup #heartbreak #sad #nataliereynolds ,84300000,5000000,55300,159900,288955,Did she js rip a teddy bear that easily,429900,NOOOOOOOO,241900,damn girl how strong are you,238100,every time you see this remind me too drink water,113700,[Sticker] нифига себе она сильная,102900
https://www.tiktok.com/@stephlynnrobi/video/7589131330399538487,1766982368,We in fact did get one picture after everyone recovered. #familypictures #funnytoddler #secondtimemom #husbandwifecomedy #fyppp @yourethatdad ,87700000,5400000,23300,646700,186787,I fear I would turn this into a much larger fight 😭,593000,Baby looking at us for help,569800,I would be SOOOO MAD about this.,364200,How do you forget you’re holding a baby?,256300,I love the DONT touch MY baby after she scoops her baby back up 🤣,251500
https://www.tiktok.com/@user909396191/video/7597349143232793878,1768895703,#kitten #cutecat #wolink #aicat #storycat ,73700000,2500000,15400,74800,172596,Tebak umur yg liat,21800,Dia pengen anaknya mirip dia kali ya wkwkw,14500,gajelas tapi gw tonton jirrr😭,12700,"miau miau miau miau miau miau, miau miau miau miau 😤.",9829,La gata gris se parece a Ángela Aguilar 😂,7930
https://www.tiktok.com/@heyarielnicole/video/7598332406424259871,1769124646,I must have skipped school this day because I did not know this lol! Did y’all know people live in the Grand Canyon? 😂😂😂☠️☠️ #grandcanyon #funfact #arizona #grandcanyonnationalpark ,83100000,7600000,20500,275500,373738,Yall think Amazon deliver there? Genuinely asking😩,860500,"Half of the Grand Canyon is restricted due to the fact is native land, honey they have their own hospitals grocery stores planes lol everything",750000,"Native Americans are still here, y’all.",266300,Door dashers when the see their order,156900,Fun fact: my husbands uncle used to work at the school on the reservation and to get out there was 1 little plane you had to catch and one time he missed it and had to ride a donkey up to get home 🤣,154300
https://www.tiktok.com/@mbnft/video/7605151963910622495,1770712505,😂😂😂#funnyvideos#foryou#fyp,74600000,2000000,7136,155900,111596,yang bikin Lego kasian jirr berapa jam itu bikinnyaa 😭,35300,самое обижное это лего,24400,😍😍😍😍😍,15400,[Sticker] me dio una rabia,9222,почему люди так быстро и сильно открывают двери черт возьми?...,5328
https://www.tiktok.com/@lanniemovie/video/7589222856865615118,1767003714,#tiktok #foryou #fyp #movie #film ,81200000,2300000,7764,48200,270083,Está Esta es la versión china de no manches Frida,51300,No manches Frida versión “Tlabaja tiene que tlabajal”,6274,YO A ESTE LO CONOZCO,5916,Una copia de no manches Frida ?,5548,"película se llama "" Dai si Hing"" de nada 🤌🤌",4161
https://www.tiktok.com/@mj.dance.soul.rebo/video/7595020169634778381,1768353459,#michaeljackson ,72600000,1600000,12100,65300,94048,Why is a piece of wood on the ground???,14400,Nobody is better then the original,8923,Merci aux chaussures fixés sur la planche.,3708,"Même avec les chaussures fixer au sol il faut un sacré gainage, je met quiconque au défis de faire pareil !!!! 💪 avant de critiquer",1361,He’s not imitating Michael Jackson‘s dance he’s showing how flexible his bones are & how far he can go down low.,911
https://www.tiktok.com/@amauryguichon/video/7602301406300687671,1770048743,Judy got cake! 🐰🥕 The sweetest little detective! #amauryguichon #chocolate ,76600000,3700000,24400,241000,146153,He made the whole thing out of chocolate and yall are complaining about the face!?,399200,Es el primero que siento que no le quedó bien jajaja 😭😭😂,175000,This is the first time I’ve seen him fail at making the character.,131600,[Sticker],91900,[Sticker] Critican cuando ellos no pueden hacer ni la mano,82300
https://www.tiktok.com/@nobrainjames/video/7597930011714260254,1769030958,bro got so mad 💀 #roblox #prank #funny #trolling #memes ,78300000,7300000,41100,863500,974074,[Sticker] I JUST GET SO NERVY:,1000000,Can’t get over I love you baby,488000,These have to be staged no way,421100,"""w-why do you have my voice~""",182300,"""Its not funny anymore""",108700
https://www.tiktok.com/@new.fun90/video/7618966996864060702,1773929007,#BalliBotMogis #TrendingReels #TrendingReels #Foryoupage ##FYP #FYP #ViralTikTok #MillionViews #TechMagic #SmartBot #AITrend #RobotVibes #Innovation,75500000,665200,6682,49500,65225,Why the sacks are not heavy because how can you carry 5 at once 😩😂😁,891,I love the end so funny 😂😂😂,792,Who else was feeling like they Would meet 😂,758,"i wsa worriedthat hes going to show him the shop after getting money,i was worried oo",558,C'est sac de riz il a soulevé on dirait amusement là 😂😂😂😂,258
https://www.tiktok.com/@builtbyjaydenn/video/7610985527742844174,1772070686,AM I OKAY? #reply #hospital #foryoupage #benchpress #update ,89600000,2400000,14000,679200,157050,[Sticker] How he’s still alive,471500,He’s probably one of the only ones to know what CPR feels like alive.. danggg,151300,I was like,97000,Looked like 3 watchers no spotters 😂,95200,i don't think he is realinsing how lucky he was,71300
https://www.tiktok.com/@lindaparker_592010/video/7594662907804126494,1768271400,Chihuahua in a scary mask pranks the dog & cat — their reactions are unhinged 🤣🐶🐱#chihuahua #funnycats #funnydog #cat #dogs #usa🇺🇸,85300000,1500000,39200,708200,116728,Is this AI? The first Husky could have died... 😱😳,1356,Esas bromas son de mal gusto 🤬🤬,1194,chơi trò này hao tivi quá!,512,Люди это всё ИИ😂,382,ทำให้น้อง ช็อคได้ เล่นอะไร,345
https://www.tiktok.com/@brookemonk_/video/7616832546759920926,1773432045,,77400000,5000000,16400,51500,226298,😭,826700,[Sticker] Brooks face when he first said baby,307400,[Sticker] after video,199400,Maybe this…,172400,it's her decision anyway,108100
https://www.tiktok.com/@usa.clips60/video/7617894229712309534,1773679226,#LIVEIncentiveProgram #LIVEFEST2026 #MakeLIVECount #PaidPartnership ,85000000,1300000,22100,480300,71764,болеет наверное,17700,Esa jirafa va a tener pesadillas 😂,17000,The giraffe was like wtf🤣🤣🤣,8009,la jirafa,6998,La Jirafa 🦒: Apenas lo conocí y se fue.,6942
https://www.tiktok.com/@aljazeeraenglish/video/7611868575145430303,1772276313,Video shows the moment an Iranian missile struck a United States military base in Bahrain. The strike was part of Iran’s retaliation for Israel–US attacks across Iran. #news #Bahrain #breakingnews #Iran,83600000,3200000,20500,390800,215022,is this possible to just live our freaking lifes without war???,141900,We the people DO NOT WANT THIS WAR.,131900,iran warned the us not to attack them or allow israel to attack them. this is what you get. Also wtaf is the us doing in bahrain?!,84500,Let’s prioritize peace instead of war,66200,mind u i js woke up,58900
https://www.tiktok.com/@jetm060/video/7593374067630132511,1767970209,Thank you @Texas Roadhouse he loved it 🥩,76400000,13600000,28600,3300000,744154,Jack Jack is that you?,963500,He ain't come up for air not once 😭😭,656600,pediatrician here. It’s extremely dangerous to serve steak to a baby without a baked potato,438100,It’s instinct. What humans were made to eat,343900,babies trying steak for the first time is always so cute 😂,285300
https://www.tiktok.com/@idafolmann/video/7607913461363903757,1771355432,seen a lot of you all exes out on the streets today #losangelesrain #losangeles #flooding ,82900000,12800000,76100,4400000,778473,At least he finally opened up,401100,Always out in these streets,336500,He even fell for you allover again,234600,HOW DO YALL KNOW WHEN TO RECORD!!?!!,148600,tell him he can’t park there,123900
https://www.tiktok.com/@juliannagrwm__/video/7593591126066466062,1768020741,just ordered a new set.. #bedazzling #fail ,81800000,10000000,43900,385400,376954,i’m gonna scroll ok…,1100000,"Closed it, flip it and pray✌",949300,i wanna scroll but i feel bad for leaving you behind with this💔,774900,tbh just return it and say it came upside down..,710100,Try the ramen method,356000
https://www.tiktok.com/@muaexperiments/video/7602327877673159958,1770054896,TRY TO GUESS HOW MANY TISSUES PAPER WILL FLOAT! #experiment #satisfying #asmr #satisfyingvideos #satisfyingasmr #satisfaction #satisfyingsound #satisfy #tissue #tissuepaper#oddlysatisfyingvideo #asmrtiktok #asmrsounds #asmrvideo #shorts #shortsfeed #viralshorts #viralvideos #trending #trendingshorts #unitedstates #uniteskingdom #slander #chair #cup #scayle #car #cake,74000000,1600000,23100,113500,104473,yang pertama ga ngotak anj😤,272600,Вы бы ещё Титаник на 1 салфетку положили,256300,"yes, this would definitely work",246700,[Sticker] El de las servilletas,115900,"Taukan kenapa pas diakhir ga berat""🗿",95400
https://www.tiktok.com/@lita15206/video/7587058649495817527,1766499763,Wow!#kpop #kpopdemonhunters #funny #shorts #story ,69800000,766100,4343,37000,49408,tebak yg liat umur piro😁,448,[Sticker],368,Little kids be watching this these days,323,part 2😏,166,please part2,49
https://www.tiktok.com/@brookemonk_/video/7598664697948179743,1769202014,The secret is out! Shop now @Doting Beauty ,81800000,7900000,36600,83100,371353,"this makes sooo much sense, since she's been a lash girly for AGES!",525400,So proud of you!!,319000,so sam isn't pregnant 🤰,261800,Let’s see Natalie Reynolds copy this 😭,159500,Watch Natalie Reynolds copy this,146000
https://www.tiktok.com/@davidspov_/video/7593573294989774093,1768016587,He makes amazing Homemade Granola! Giving back to the community part 117 #pov #farmersmarket #wholesome #localbusiness #vendor ,79900000,11400000,37700,217000,507989,“Tell your friends about it!” Little does he know…,735500,I love that he’s standing in front of the table and not behind it. He really wants to engage with people.,600600,he's someone's grandpa btw😭,553500,This man don’t play about granola,404000,"""tell you're friends about it"" yeah, the 1.6 million friends",289500
https://www.tiktok.com/@ruienwfahgj/video/7601034037871889694,1769753661,#hairtopper #hairloss #thinninghair #hairconfidence #hairtok ,75000000,2300000,33200,982300,221770,i believe you damn,370800,ok damn i get it,227500,Era necesario la jalada de pelo?💜,139500,намекнул на способ оплаты,118000,Is the whiplash included or is that an extra charge?,57800
https://www.tiktok.com/@walnutthefluffycorgi/video/7610465341919087902,1771949582,#corgi #fluffycorgi #pembrokewelshcorgi ,80000000,13100000,47300,4600000,744021,had to make sure we were watching,913500,HOW DID YOU TEACH HIM TO DO THIS LOL,346500,LOOK BACK AT IT😂,100900,Are you filming Mom?!,92100,walnut knew who he was from a young age,71100
https://www.tiktok.com/@keiiti.suranga/video/7602206684735491358,1770026759,Trampoline Park🤣#park #funny #fail #funnyvideo #tiktok ,82500000,3500000,14900,793600,241352,OUCH 🤕 😭,365600,oh that hurt-,114200,Ну не смешно же 😳это очень больно,52300,Me the whole time watching this,52100,I can’t even laugh most of these look really painful,51300
https://www.tiktok.com/@goodforearz/video/7598716567794339075,1769214082,Crazy Chihuahua  #chihuahua #dogprank #funnydog ,79800000,2500000,47400,1100000,198430,AI,7076,This is very traumatic for the animals 🤦🏻‍♀️😡,3839,"No sé cómo 🤷 pueden pensar que es gracioso hacer eso, los gatos, al igual que una persona, puede sufri un infarto. eso es crueldad animal 😭",2664,Even if it is Ai -- It's still funny 🤣🤣,739,It’s not funny!!my cat still hiding for 3 days !!😖😠😡,713
https://www.tiktok.com/@realjayllnn/video/7586823045105372430,1766444923,,81500000,2500000,11200,148500,85470,[Sticker],428000,kuku segitu panjangnya kalo ngupil gimana😭😭😭,131800,"Peero amigaaa, que agilidad con esas uñaaas 😩 Yo ya me hubiera pinchado 🤣",56000,So much wasted meat 😩😩😩😩,42500,[Sticker] like to stop it,29500
https://www.tiktok.com/@jessi.lee/video/7611713546015083789,1772240191,water dress   (products: @YSL Beauty palette + blush @Huda Beauty  concealer + palette + powder @Lilly Lashes in money maker @NARS Cosmetics foundation @Rare Beauty contour stick @Patrick Ta Beauty concealers @Saie liquid blush @ONE SIZE BEAUTY setting spray @pradabeauty eyeliner @tomfordbeauty gloss @M·A·C Cosmetics dazzle shadow),81200000,2700000,3473,33300,82435,[Sticker] Every five seconds,183800,pero avisa beba,118900,ssShhhHhh AhhhHh sssSs hAhhhhh Ahhhh,113000,[Sticker] извените а куда вы собрались в таком виде?,77300,"Мокрое платье надевать ,что то новенькое",61000
https://www.tiktok.com/@linkonstudio/video/7620182550220180767,1774212026,"Money can lift you fast, but knowledge helps you solve problems",71900000,3500000,61000,544800,238241,“I almost got motivated 😂😂”,54100,Power Of Money💸 🤣😂,46500,[Sticker] So...money??,39700,Money is money 😂,35600,No one was expecting that ending 😂😂😂😂,35200
https://www.tiktok.com/@quiz__pro3/video/7603221830723210509,1770263067,Tor-M1 Intercepts Approaching A-10 Warthog missile launch system#creatorsearchinsights #missile #launch #newyork #unitedstates ,73500000,2400000,19800,214700,165755,game name ?,37700,The pilot:,28600,как игра называется?,17500,[Sticker] Así juegan en Rusia,9567,бедный человек в самолёте...,8235
https://www.tiktok.com/@pinkcat456/video/7595904241739369759,1768559367,#story #usa #aicat ,71300000,1500000,6231,89800,75926,😂😂😂😂,24800,What is that,18200,ih keliatan fefek nya😭,11500,🤣🤣🤣,5755,que nadie sepa que miro esto?,4682
https://www.tiktok.com/@whitehouse/video/7591235697151855886,1767472325,FAFO. ,81100000,8500000,53500,1700000,595122,last thing Maduro saw,384400,Maduro hoy en la madrugada:,255100,Bro is this actually the White House’s TikTok page 😭😭,148500,VENEZUELA WAS LIKE “he’s over here”,139500,How trump is feeling rn,130000
https://www.tiktok.com/@pavlov_family_tt/video/7612707779282881810,1772471660,С четвёртым пока туго 🫠,73700000,3000000,55100,785100,144662,"[Sticker] Vamos hermanos porque si no, nos hacen otro hermanito más",54900,and they think it's funny 🤣,45000,Даже дети понимают что вас нельзя оставлять одних🤭,40700,El perro por si acaso asen un gato 😁😁😂😂😂😂,33500,the boy even carried last born so that they can reach faster 🤣🤣🤣,28300
https://www.tiktok.com/@nfl/video/7604672230743706894,1770600756,BALL SECURITY ON POINT 🏈 #nfl #superbowl #badbunny #applemusichalftime @Bad Bunny ,80300000,9900000,32700,385800,550039,For those that need translation bad bunny said “I never stopped believing in myself” and then he points at the camera and says “and you shouldn’t stop believing in yourself either”,362600,ÍCONO. Nada más.,287300,me the whole time knowing damn well i dont understand what he’s saying,170000,He brought out all the flags. I never felt so represented 🇨🇺🇭🇳,137900,papi delivering the sauce🤌,132600
https://www.tiktok.com/@porfirio.fructuoso/video/7604646352303230238,1770594724,,75000000,3100000,18700,290500,159635,estoy segura que es un capricho de la mujer🥰🥰😂,222600,"Como soy pobre, me toca esperar a que crezca.",201300,He was a pro,143900,And they will be like “We built the house around the tree”,133800,Rich people problems 🤣,100500
https://www.tiktok.com/@rarity_eddie/video/7615724915156667679,1773174158,They said it couldn't be done. So we did it. What else should I try? #hooverdam #waitforit #whatishappening #oddlysatisfyingvideo #traveltok,79700000,7200000,19700,285200,380536,[Sticker] So we’re made of 70% water right,1200000,how dafaq is this possible,640200,hoover dam when raining ?,280200,In that case,237400,Well I’ll be damned,214900
https://www.tiktok.com/@smartestworkers/video/7593030733321538830,1767890248,How Bike Engines Are Assembled,69100000,1600000,12800,78400,132252,the factory cleaner than their food 🤣,3635,buset itu ngerakit mesin apa lego cepet amat🗿,3371,они двигатели собирают в среде чище чем готовят еду,2876,QINGQI pernah dijual di indonesia tapi gak laku,1051,Not a drop of loctite or assembly lube anywhere😭,1047
https://www.tiktok.com/@wheatculture/video/7594530157705170231,1768239394,Sourdough starter is hangry today #sourdoughstarter #sourdoughtok #sourdough #sourdoughasmr #sourdoughtiktok ,81000000,3300000,23000,210700,152415,Someone needs to make a horror movie about sourdough starter,438300,My trypophobia could never,174200,[Sticker] hello person who doesn't comment,119600,So… I didn’t like that…,93400,Wait until you hear about the sourdough spiders,82300
https://www.tiktok.com/@zvsmdmf/video/7612231443359567135,1772360853,What happened?#barbie #funny #shorts #cartoon #story ,72100000,1000000,15900,86000,94257,AI reading its script,4195,😂😂😂😂😂😂😂😂😂,2835,What are we supposed to learn from this video,1780,y'all are genuine bots,1391,[Sticker] part 2,950
https://www.tiktok.com/@happy.camp660/video/7597658867635457335,1768967818,Most emotional puppy surprise for kids#dog #puppy #surpris #wholesome ,75600000,6400000,72300,385800,342559,The children's reaction was so intense that even I cried.🥺,70400,[Sticker] Cats seeing this video,60700,Looks like he’s smirking,59600,luego ni los cuidan 😅,44700,[Sticker] Grateful kids make me cry all the time,42300
https://www.tiktok.com/@binxthejinx5/video/7595437621875199263,1768450658,Their reaction was just too cute 🤣#viral #sofunny #funnyscare #laughing #funnymoments #funny #tiktok ,78300000,2200000,9892,210200,145675,La señora : Tengo que ver para asustarme también 🤣,21500,la cara jajajajaajjaaj😂😂😂😂,6072,Девушка которая поймала телефон,4285,esto si que da miedo,2128,[Sticker] LA SEÑORA AL VER QUE LE CERRARON LA PUERTA,1678
https://www.tiktok.com/@keepingupwithkelc/video/7590879057940598071,1767389286,Pink balloon wall prep…part 2 🎀💗 She’s coming together and I’m obsessed #balloonwall #balloonprep #gradientballoonwall #balloonartist #pink,80700000,1800000,3426,55900,272408,El resultado,80100,Your balloons are so well behaved 😭😭😭,14200,The fact I think I can do this lol 😂,8286,"Con que pegas los globos, porfis",7262,Vendo assim parece ser fácil quando vai fazer é uma luta kkkk,6654
https://www.tiktok.com/@juiceb38/video/7604330601407286558,1770521206,Hirschsprung Disease Explained | 3D Medical Animation #HirschsprungDisease #MedicalAnimation #PediatricSurgery #3DAnimation #HealthEducation #Anatomy3D #SafeMedicalContent ,79700000,428200,6505,195500,52146,[Sticker],1105,Что вы вбили в поиск?,925,Только начала есть суп,762,[Sticker] los viernes por LA noche se pone raro no ?,697,вам смешно а у меня это в реках,485
https://www.tiktok.com/@eterna.stores/video/7603155258348457246,1770247542,"She was very beautiful, they were not allowed to touch her…#tiktok #viral #fypシ #fyp ",81600000,4600000,12300,66200,240310,the disrespect to dig up someone GRAVE,573200,I’m mad they found her.,484000,Always breaks my heart to see that humans’ selfish curiosity destroys a person’s last wish for peace and privacy. 😔,473100,So were just grave robbing still and calling it science and exploration come on,165100,“Cleopatra real face footage” gng💔✌,145400
https://www.tiktok.com/@runavip08/video/7620046934232861982,1774180496,#creatorsearchinsights  #BalliBotMogis #TrendingReels #TrendingReels #Foryoupage # ,97300000,651500,9595,82700,48452,😂😂😂😂😂smart baby,1078,keputusan yg cerdas😅,598,si es verdad .!!un premio para ese ángel.🤣🤣🤣❤️❤️❤️,554,🤣🤣🤣🤣🤣🤣🤣 il est très intelligent,368,ese niño nes otro nivel 😂😂😂,326
https://www.tiktok.com/@tungtung.sahur6763/video/7620826343135038734,1774361804,Tung tung finds gold fridge #italianbrainrot #tungtungtungsahur #tralalerotralala,70200000,1600000,5957,145300,104253,[Sticker] the story:,8821,?????,3898,уже пох что смотреть если честно,1220,demen bgtt nonton begini ann,1065,real or madrid?,662
https://www.tiktok.com/@simartvideos/video/7616721512208403742,1773406223,#USA   #UnitedStates   #UK   #London   #Germany   #Deutschland   #Romania   #Africa   #SouthAfrica   #GlobalComedy   #InternationalComedy #fyp   #foryou   #foryoupage   #viral   #trending   #explore   #tiktokcomedy   #comedyvideo   #legend   #nostalgia ,79000000,1800000,7889,213600,72378,[Sticker] Cameraman:,60300,he threw his own flip flop 😂,10900,[Sticker] the camera men,5464,Meanwhile in the back,2831,Esas son bromas que te salen una ves en la vida jjajaja,623
https://www.tiktok.com/@pranktime799/video/7610373808041610526,1771928318,Failure paves the way for success#cookies #funnyvideos #fails #fyp ,76200000,2500000,6724,461200,123373,Me dio pesar el de el huevo 🥺,40400,waktu masukkin telur😭😭😭😭😭,32000,SAKIT BANGET SI ITU UDAH MASAK MIE TERUS TELORNYA BUSUK 😭,11300,Lo de los cangrejos es muuuy cruel 😥😥😥😥,9657,the rotten egg will surely upset me😏,7002
https://www.tiktok.com/@boogiebug0/video/7606863988164513054,1771111057,I finally stopped gatekeeping — how I make these AI videos #foryoupag #fyp #viral #funnyai #tiktokfunny ,75200000,2900000,38000,2400000,276146,se parece a Nando bailando,29200,Futuros millonarios comentando amén,24600,Ai reading the script,18200,no one is better than the original,13700,que ase karen torres hay,6455
https://www.tiktok.com/@seal_sealion/video/7618459649402096910,1773810881,#walrus #viral #fyp ,76300000,1500000,25200,701800,110424,I know the whistle smells wild,33600,You can never predict your next scroll on Tiktok 😂😂😂,11100,Jamie??,9794,Me after putting a hot pizza roll in my mouth,9407,I thought this was Donald Trump,7739
https://www.tiktok.com/@fallontonight/video/7592860852861062431,1767850708,@SIENNA SPIRO performs “Die On This Hill”! #FallonTonight #TonightShow #SiennaSpiro ,75300000,12400000,27000,388800,913349,She sounds EXACTLY the same 😭 I LOVE it,946200,the fact that this is her singing live.,760000,"NO AUTO TUNE, SHE CAN SINGGG",348000,she got that adele kind of voice,298700,Her and Olivia Dean are about to save music,260100
https://www.tiktok.com/@lovepets_001/video/7619685774216154398,1774096380,Funny Water Slide.🤣🤣🤣#funny #funnyvideo #fypシ #viral #funnymoments #usa🇺🇸 ,88200000,1400000,7301,121400,70230,"""oh sh*t""💀😂😂",15700,Nadie va a decir q se le salió al primero ?,11700,у первого чтото выпало белое,6767,The first one is kinda sus,6366,😂,2771
https://www.tiktok.com/@good.ball0/video/7617750544899165454,1773645850,Almost had it🥀 #basketball #fyp #foryou #viral #ballislife ,77100000,6900000,47200,2500000,692019,[Sticker] Me trying to figure out of its ai or not,458200,Where did bro got these?,425800,that man,346700,[Sticker] why this doesnt look like AI...,220900,what did bro used to jump that high 😭,178900
https://www.tiktok.com/@sabrinacarpenter/video/7617677964662099214,1773628890,ole ole ole Argentina ,78500000,13200000,68200,795800,671016,[Sticker] Sabrina x bad bunny???,846300,[Sticker] yo cuando vi que Sabrina sabe español,341400,WE NEED A SABRINA x BAD BUNNY COLLAB!!!,296100,This is how celebrities shoot their shot,290400,Quien pidió esta señal JAJAJ?,281500
https://www.tiktok.com/@aidramachaos/video/7619023974713789709,1773942257,Tung tung swaps udins #italianbrainrot #tungtungtungsahur #tralalerotralala,75400000,1800000,4466,220200,77497,water in water,68400,vivían bajo el agua y se les salió la pintura entrando a la piscina😂,44800,swimming pool in sea?,29400,[Sticker] como que eles viviam no mar e a tinta nunca saiu lkkk,21100,tinggal di air tapi lunturnya pas lomba renang😭😭,16200
https://www.tiktok.com/@mrbeast/video/7594569594786876703,1768248558,I swear this guy kinda looks like @Chris Hemsworth,70700000,8000000,64200,189900,370006,He looks like Thor,528900,“It’s like he didn’t even care that I’m the god of thunder”,337700,bro btw,207000,Does he age???,178700,Bro could play Thor,122000
